has_think_tag,has_answer_tag,has_valid_json,format_correct,think_content,answer_content,json_content,error_message,think_tag_count,answer_tag_count,malformed_structure,index,original_question,db_id,data_source,success
False,False,False,False,,,,,0,0,False,0,What types of contents cannot be found in warehouses in New York?,warehouse_1,spider_test,True
False,False,False,False,,,,,0,0,False,1,What are the names of the different clients who have made an order?,book_1,spider_test,True
False,False,False,False,,,,,0,0,False,2,Return the ids and models of vehicles that have been driven by exactly two drivers or built by Ziyang.,vehicle_driver,spider_test,True
False,False,False,False,,,,,0,0,False,3,How many vehicles do we have?,vehicle_rent,spider_test,True
False,False,False,False,,,,,0,0,False,4,What is the rank of the book with the smallest number of pages?,book_review,spider_test,True
False,False,False,False,,,,,0,0,False,5,What are the dates of the earliest order and the dates of all orders with more than 1 item?,e_commerce,spider_test,True
False,False,False,False,,,,,0,0,False,6,List the title and audio length for all the books in descending order of the number of readers.,book_review,spider_test,True
False,False,False,False,,,,,0,0,False,7,Show the book title and purchase price of the book that has had the greatest amount in orders.,book_1,spider_test,True
False,False,False,False,,,,,0,0,False,8,How many staff are the document with id 0 and process with id 9.,cre_Doc_Workflow,spider_test,True
False,False,False,False,,,,,0,0,False,9,"What is the full name of the artist with a sculpture whose title includes the word ""female""?",art_1,spider_test,True
False,False,False,False,,,,,0,0,False,10,List the manufacturers that are associated with more than one club.,soccer_3,spider_test,True
False,False,False,False,,,,,0,0,False,11,"What are the titles of books that are not ""Poet""?",book_review,spider_test,True
False,False,False,False,,,,,0,0,False,12,list all the names of press in descending order of the profit of the year.,book_press,spider_test,True
False,False,False,False,,,,,0,0,False,13,Find the name of the movies that are played in either cinema Odeon or Imperial.,movie_2,spider_test,True
False,False,False,False,,,,,0,0,False,14,What are the types of books that have at least three books belonging to?,book_review,spider_test,True
False,False,False,False,,,,,0,0,False,15,How many photos does each owner has of his or her properties? List user id and number of photos.,real_estate_rentals,spider_test,True
False,False,False,False,,,,,0,0,False,16,List all client ids and client details.,advertising_agencies,spider_test,True
False,False,False,False,,,,,0,0,False,17,Show all university names without a major with rank 1?,university_rank,spider_test,True
False,False,False,False,,,,,0,0,False,18,Count the number of pilots with age greater than 40 or less than 30.,pilot_1,spider_test,True
False,False,False,False,,,,,0,0,False,19,Count the number of coutries.,address_1,spider_test,True
False,False,False,False,,,,,0,0,False,20,Return the average age of pilots for each plane name.,pilot_1,spider_test,True
False,False,False,False,,,,,0,0,False,21,"What is the average number of units sold in millions of games played by players with position ""Guard""?",video_game,spider_test,True
False,False,False,False,,,,,0,0,False,22,What are the collection susbset names?,cre_Doc_and_collections,spider_test,True
False,False,False,False,,,,,0,0,False,23,What are the first name and age of the artist who had the longest life?,art_1,spider_test,True
False,False,False,False,,,,,0,0,False,24,Find the names of movies that are played in any theater and the name of the corresponding theater.,movie_2,spider_test,True
False,False,False,False,,,,,0,0,False,25,Count the number of pilots with age greater than 40.,pilot_1,spider_test,True
False,False,False,False,,,,,0,0,False,26,Which manufacturers work for more than 1 club?,soccer_3,spider_test,True
False,False,False,False,,,,,0,0,False,27,What is the different id of every sailor who is not the youngest?,boat_1,spider_test,True
False,False,False,False,,,,,0,0,False,28,Count the number of vehicles that have a top speed equal to the maximum across all vehicles.,vehicle_driver,spider_test,True
False,False,False,False,,,,,0,0,False,29,"What are the names and ages of pilots who own plane Piper Cub and are older than 35, or have F-14 Fighter and are younger than 30?",pilot_1,spider_test,True
False,False,False,False,,,,,0,0,False,30,List the code and contents of all boxes sorted by their values.,warehouse_1,spider_test,True
False,False,False,False,,,,,0,0,False,31,Which document has most of child? List the document id and the number of child.,cre_Doc_and_collections,spider_test,True
False,False,False,False,,,,,0,0,False,32,List the codes and descriptions for all process status.,cre_Doc_Workflow,spider_test,True
False,False,False,False,,,,,0,0,False,33,List all major name and major code in the order of their major code,university_rank,spider_test,True
False,False,False,False,,,,,0,0,False,34,What is the most frequent product type code?,customers_and_orders,spider_test,True
False,False,False,False,,,,,0,0,False,35,"What are the affiliations of institutions that are not in city ""Vancouver""?",institution_sports,spider_test,True
False,False,False,False,,,,,0,0,False,36,What is the content with the greatest value across all boxes?,warehouse_1,spider_test,True
False,False,False,False,,,,,0,0,False,37,Which countries do not have any drivers?,car_racing,spider_test,True
False,False,False,False,,,,,0,0,False,38,What is the average salary of an intern?,planet_1,spider_test,True
False,False,False,False,,,,,0,0,False,39,Return the maximum and minimum health scores across all countries other than Norway.,country_language,spider_test,True
False,False,False,False,,,,,0,0,False,40,What is the average height and width of paintings that are oil medium in gallery 241?,art_1,spider_test,True
False,False,False,False,,,,,0,0,False,41,Find details of all the services that have been marked as `` unsatisfied '' in customers and services details .,government_shift,spider_test,True
False,False,False,False,,,,,0,0,False,42,Sort the student answer texts in descending order of their frequency of occurrence.,online_exams,spider_test,True
False,False,False,False,,,,,0,0,False,43,List the names of regions that do not have any buildings.,region_building,spider_test,True
False,False,False,False,,,,,0,0,False,44,What are the names of oldest pilots for each type of plane?,pilot_1,spider_test,True
False,False,False,False,,,,,0,0,False,45,Show the nations that have both customers with card credit smaller than 50 and customers with card credit bigger than 75.,restaurant_bills,spider_test,True
False,False,False,False,,,,,0,0,False,46,Who sent most number of packages? List client name and number of packages sent by that client.,planet_1,spider_test,True
False,False,False,False,,,,,0,0,False,47,List the title and location of all sculptures.,art_1,spider_test,True
False,False,False,False,,,,,0,0,False,48,Count the number of payments.,advertising_agencies,spider_test,True
False,False,False,False,,,,,0,0,False,49,What are the names and original artists of the song whose English translation is 'All the streets of love'?,sing_contest,spider_test,True
False,False,False,False,,,,,0,0,False,50,What is the name and citation point of the unversities with the top 3 reputation points?,university_rank,spider_test,True
False,False,False,False,,,,,0,0,False,51,Find the id and name of the sailors who reserved more than one boat.,boat_1,spider_test,True
False,False,False,False,,,,,0,0,False,52,"What are the colors , descriptions , and sizes for all products that are not at the maximum price ?",e_commerce,spider_test,True
False,False,False,False,,,,,0,0,False,53,How many books do not have reviews?,book_review,spider_test,True
False,False,False,False,,,,,0,0,False,54,"Show the name, age, membership credit for all customers?",vehicle_rent,spider_test,True
False,False,False,False,,,,,0,0,False,55,List the titles of books in descending order of pages.,book_review,spider_test,True
False,False,False,False,,,,,0,0,False,56,List all shipment ids for the planet Mars and under the management of Turanga Leela.,planet_1,spider_test,True
False,False,False,False,,,,,0,0,False,57,List all documents ids that are not the parent of other documents.,cre_Doc_and_collections,spider_test,True
False,False,False,False,,,,,0,0,False,58,Show all agency ids and details.,advertising_agencies,spider_test,True
False,False,False,False,,,,,0,0,False,59,Find the rating of the movie whose name includes the word ‘Citizen’.,movie_2,spider_test,True
False,False,False,False,,,,,0,0,False,60,"List the names of drivers whose constructor is not ""Bugatti"".",car_road_race,spider_test,True
False,False,False,False,,,,,0,0,False,61,Order the distinct good ids.,bakery_1,spider_test,True
False,False,False,False,,,,,0,0,False,62,How many papers does Columbia University have in or before 2009 ?,aan_1,spider_test,True
False,False,False,False,,,,,0,0,False,63,"Find the average age of the drivers from the countries that use ""English"" as official native language.",car_racing,spider_test,True
False,False,False,False,,,,,0,0,False,64,Show the titles of movies not currently being shown in any theaters.,movie_2,spider_test,True
False,False,False,False,,,,,0,0,False,65,Which students not only got the most common result but also got a result obtained by 3 students in behaviour monitoring? List the student's biographical data and details.,cre_Students_Information_Systems,spider_test,True
False,False,False,False,,,,,0,0,False,66,What locations have works painted before 1885 or after 1930?,art_1,spider_test,True
False,False,False,False,,,,,0,0,False,67,which year has least number of conferences?,conference,spider_test,True
False,False,False,False,,,,,0,0,False,68,List names of countries in descending order of education_score.,country_language,spider_test,True
False,False,False,False,,,,,0,0,False,69,"Show the id and the product type for all products, order by product name.",customers_and_orders,spider_test,True
False,False,False,False,,,,,0,0,False,70,How many customers have bought each food?,bakery_1,spider_test,True
False,False,False,False,,,,,0,0,False,71,Please show the age of the driver who participated in the most number of races.,car_road_race,spider_test,True
False,False,False,False,,,,,0,0,False,72,What are the different document object ids in the subset named 'Best for 2000' and in the collection named 'Best'?,cre_Doc_and_collections,spider_test,True
False,False,False,False,,,,,0,0,False,73,What are the owners of the document objects described as the 'Braeden Collection'?,cre_Doc_and_collections,spider_test,True
False,False,False,False,,,,,0,0,False,74,Which nations have both customers with card credit above 50 and customers with card credit below 75.,restaurant_bills,spider_test,True
False,False,False,False,,,,,0,0,False,75,What is the name and id of every sailor who reserved one or more boats?,boat_1,spider_test,True
False,False,False,False,,,,,0,0,False,76,"What are the maximum, minimum, and average prices of goods of each flavor, ordered by flavor?",bakery_1,spider_test,True
False,False,False,False,,,,,0,0,False,77,Find details of the services that no customer has ever used . Return the service details .,government_shift,spider_test,True
False,False,False,False,,,,,0,0,False,78,List the titles of books in ascending order of the ratings in review?,book_review,spider_test,True
False,False,False,False,,,,,0,0,False,79,Which country has the greatest number of official languages?,country_language,spider_test,True
False,False,False,False,,,,,0,0,False,80,Give the ids of cookes that are cheaper than any croissant.,bakery_1,spider_test,True
False,False,False,False,,,,,0,0,False,81,How many movies exist for each rating?,movie_2,spider_test,True
False,False,False,False,,,,,0,0,False,82,Find the first names and number of works of all artists who have at least two paintings?,art_1,spider_test,True
False,False,False,False,,,,,0,0,False,83,What are client ids for clients with at least 2 invoices.,advertising_agencies,spider_test,True
False,False,False,False,,,,,0,0,False,84,What is the staff id of the staff who attended the least meetings but attended some meeting?,advertising_agencies,spider_test,True
False,False,False,False,,,,,0,0,False,85,"What is the maximum points of the drivers from a country whose capital is ""Dublin""?",car_racing,spider_test,True
False,False,False,False,,,,,0,0,False,86,Show the name of customer with at least two renting history records.,vehicle_rent,spider_test,True
False,False,False,False,,,,,0,0,False,87,What are all the client ids and details?,advertising_agencies,spider_test,True
False,False,False,False,,,,,0,0,False,88,Which document has least number of related documents? List the document id and the number of related documents.,cre_Doc_and_collections,spider_test,True
False,False,False,False,,,,,0,0,False,89,"What are the sailors' names, the ones whose rating is higher than any sailor named Luis?",boat_1,spider_test,True
False,False,False,False,,,,,0,0,False,90,Count the number of clubs.,soccer_3,spider_test,True
False,False,False,False,,,,,0,0,False,91,"What are the names of the countries, ordered descending by education score?",country_language,spider_test,True
False,False,False,False,,,,,0,0,False,92,List all document which is related to document owned by Ransom . List the document id .,cre_Doc_and_collections,spider_test,True
False,False,False,False,,,,,0,0,False,93,How many item states are there in the orders?,e_commerce,spider_test,True
False,False,False,False,,,,,0,0,False,94,List all the driver names in ascending order of age.,car_racing,spider_test,True
False,False,False,False,,,,,0,0,False,95,Return the age category for the user who made the earliest search.,real_estate_rentals,spider_test,True
False,False,False,False,,,,,0,0,False,96,Count the number of products of the type Hardware.,customers_and_orders,spider_test,True
False,False,False,False,,,,,0,0,False,97,How many books are there?,book_review,spider_test,True
False,False,False,False,,,,,0,0,False,98,find the average age of authors for each gender.,book_press,spider_test,True
False,False,False,False,,,,,0,0,False,99,What are the ids of all shipments on the planet Mars that are managed by Turanga Leela?,planet_1,spider_test,True
False,False,False,False,,,,,0,0,False,100,"What are the id, name, price and color of the products which have not been ordered for at least twice?",e_commerce,spider_test,True
False,False,False,False,,,,,0,0,False,101,what are all shipment tracking numbers and shipment dates?,e_commerce,spider_test,True
False,False,False,False,,,,,0,0,False,102,What are the names of all sailors with a higher rating than every sailor named Luis?,boat_1,spider_test,True
False,False,False,False,,,,,0,0,False,103,How many courses do teachers teach at most? Also find the id of the teacher who teaches the most.,cre_Students_Information_Systems,spider_test,True
False,False,False,False,,,,,0,0,False,104,What is the average age of all the club leaders?,club_leader,spider_test,True
False,False,False,False,,,,,0,0,False,105,Find the names of authors who published some paper on NAACL and ACL in the year 2009.,aan_1,spider_test,True
False,False,False,False,,,,,0,0,False,106,Find the name of the sailors who reserved boat with id 103.,boat_1,spider_test,True
False,False,False,False,,,,,0,0,False,107,What is the price for the product with name Monitor?,customers_and_orders,spider_test,True
False,False,False,False,,,,,0,0,False,108,What are the names of all sculptures in gallery 226?,art_1,spider_test,True
False,False,False,False,,,,,0,0,False,109,Count the number of invoices.,advertising_agencies,spider_test,True
False,False,False,False,,,,,0,0,False,110,What are the names of cities with at least three students?,address_1,spider_test,True
False,True,False,False,,"[
    {
        ""column"": ""gallery_id"",
        ""value"": 240,
        ""count"": ""SELECT COUNT(*) FROM gallery AS g JOIN paintings AS p ON g.gallery_id = p.gallery_id WHERE g.gallery_id = 240""
    }
]",,,0,1,False,111,What is the total number of paintings exhibited in gallery 240?,art_1,spider_test,True
False,False,False,False,,,,,0,0,False,112,Show the names of countries in descending order of overall scores.,country_language,spider_test,True
False,False,False,False,,,,,0,0,False,113,Find the number of drivers whose points are greater than 150 for each make.,car_racing,spider_test,True
False,False,False,False,,,,,0,0,False,114,What is the name of the player with the highest earnings?,soccer_3,spider_test,True
False,False,False,False,,,,,0,0,False,115,"What are the names of all Hardware products, sorted by price ascending?",customers_and_orders,spider_test,True
False,False,False,False,,,,,0,0,False,116,"What are the distinct student answer texts that received comments ""Normal""?",online_exams,spider_test,True
False,False,False,False,,,,,0,0,False,117,How many child documents does each parent document has? List the document id and the number.,cre_Doc_and_collections,spider_test,True
False,False,False,False,,,,,0,0,False,118,Which press has the largest monthly profit? Give me the press name.,book_press,spider_test,True
False,False,False,False,,,,,0,0,False,119,How many authors are of age above 30 for each gender?,book_press,spider_test,True
False,False,False,False,,,,,0,0,False,120,Count the number of drivers whose points are below 150.,car_racing,spider_test,True
False,False,False,False,,,,,0,0,False,121,Find the number of different locations where Rocks are stored.,warehouse_1,spider_test,True
False,False,False,False,,,,,0,0,False,122,What are the paintings called and where are they located?,art_1,spider_test,True
False,False,False,False,,,,,0,0,False,123,Who reserved boat 102?,boat_1,spider_test,True
False,False,False,False,,,,,0,0,False,124,Which author had the most papers in the year 2009?,aan_1,spider_test,True
False,False,False,False,,,,,0,0,False,125,What is the product name and the color of the ordered items which have been shipped?,e_commerce,spider_test,True
False,False,False,False,,,,,0,0,False,126,How many drivers have points smaller than 150?,car_racing,spider_test,True
False,False,False,False,,,,,0,0,False,127,Find the number of all distinct contents in all the boxes.,warehouse_1,spider_test,True
False,False,False,False,,,,,0,0,False,128,What position does Amy Wong have?,planet_1,spider_test,True
False,False,False,False,,,,,0,0,False,129,Show the official languages and the number of countries speaking each language.,country_language,spider_test,True
False,False,False,False,,,,,0,0,False,130,Count the number of different drivers who have driven vehicles built in 2012.,vehicle_driver,spider_test,True
False,False,False,False,,,,,0,0,False,131,"On average, how many rooms do properties with garden features have?",real_estate_rentals,spider_test,True
False,False,False,False,,,,,0,0,False,132,How many searches do buyers make in total?,real_estate_rentals,spider_test,True
False,False,False,False,,,,,0,0,False,133,Which students only got the most common result for his or her all behaviour monitoring details? List the students' biographical information.,cre_Students_Information_Systems,spider_test,True
False,False,False,False,,,,,0,0,False,134,"Return the ids of users who have performed two or more searches, as well as their search sequence.",real_estate_rentals,spider_test,True
False,False,False,False,,,,,0,0,False,135,Show the cities and station names of city channels in ascending alphabetical order of station name.,tv_shows,spider_test,True
False,False,False,False,,,,,0,0,False,136,Find the location of the warehouses which have contents Rocks but not Scissors.,warehouse_1,spider_test,True
False,False,False,False,,,,,0,0,False,137,Select the codes of all the boxes located in Chicago.,warehouse_1,spider_test,True
False,False,False,False,,,,,0,0,False,138,Give the three most purchased items at this bakery.,bakery_1,spider_test,True
False,False,False,False,,,,,0,0,False,139,What are the ids of all orders and the corresponding client names?,book_1,spider_test,True
False,False,False,False,,,,,0,0,False,140,List the amount and date of loan for the students who have two or more achievements.,cre_Students_Information_Systems,spider_test,True
False,False,False,False,,,,,0,0,False,141,"Count the number of citations Mckeown , Kathleen has .",aan_1,spider_test,True
False,False,False,False,,,,,0,0,False,142,Show distinct managers of branches.,restaurant_bills,spider_test,True
False,False,False,False,,,,,0,0,False,143,"What are the names and ranks of players who have played the game with the title ""Super Mario World""?",video_game,spider_test,True
False,False,False,False,,,,,0,0,False,144,What are ids of the goods that have Apricot flavor and are cheaper than 5 dollars?,bakery_1,spider_test,True
False,False,False,False,,,,,0,0,False,145,What are the names and addresses for all affiliations?,aan_1,spider_test,True
False,False,False,False,,,,,0,0,False,146,What are the numbers of paintings created before 1900 in different places?,art_1,spider_test,True
False,False,False,False,,,,,0,0,False,147,What are the names of all cinemas not showing any movies?,movie_2,spider_test,True
False,False,False,False,,,,,0,0,False,148,Count the number of teachers who have taught students who have never won an achievement.,cre_Students_Information_Systems,spider_test,True
False,False,False,False,,,,,0,0,False,149,Return the total number of championships of institutions that have a Public affiliation.,institution_sports,spider_test,True
False,False,False,False,,,,,0,0,False,150,How many products have been shipped?,e_commerce,spider_test,True
False,False,False,False,,,,,0,0,False,151,"What are the model, class, and construction of the cheapest headphone?",headphone_store,spider_test,True
False,False,False,False,,,,,0,0,False,152,Give the name of the author who wrote the book titled Pride and Prejudice.,book_1,spider_test,True
False,False,False,False,,,,,0,0,False,153,How many pilots who are older than 40 or younger than 30?,pilot_1,spider_test,True
False,True,False,False,,"[
    {
        ""artist_name"": ""Artist 1"",
        ""age"": 25
    },
    {
        ""artist_name"": ""Artist 2"",
        ""age"": 30
    }
]",,,0,1,False,154,What is the age of the artist who had the shortest life?,art_1,spider_test,True
False,False,False,False,,,,,0,0,False,155,"List the id, flavor and type of food of goods ordered by price.",bakery_1,spider_test,True
False,False,False,False,,,,,0,0,False,156,What are the staff names who participated in conferences between 2003 or 2004?,conference,spider_test,True
False,False,False,False,,,,,0,0,False,157,What are the names of products that have not been ordered?,customers_and_orders,spider_test,True
False,False,False,False,,,,,0,0,False,158,What is the average rating in reviews?,book_review,spider_test,True
False,False,False,False,,,,,0,0,False,159,Find the location of the warehouses which store contents Rocks and Scissors.,warehouse_1,spider_test,True
False,False,False,False,,,,,0,0,False,160,List in alphabetic order the names of pilots whose age is greater than some pilots having plane Piper Cub.,pilot_1,spider_test,True
False,False,False,False,,,,,0,0,False,161,On which day did the bakery sell more than 100 dollars in total.,bakery_1,spider_test,True
False,False,False,False,,,,,0,0,False,162,Show all staff ids and the number of document processes for each staff.,cre_Doc_Workflow,spider_test,True
False,False,False,False,,,,,0,0,False,163,What are the different document ids that are in the subset named 'Best for 2000' or in the collection named 'Best'?,cre_Doc_and_collections,spider_test,True
False,False,False,False,,,,,0,0,False,164,"What is the name of the director who is in the ""Dracula"" program?",bbc_channels,spider_test,True
False,False,False,False,,,,,0,0,False,165,List the names of institutions in ascending order of founded year.,institution_sports,spider_test,True
False,False,False,False,,,,,0,0,False,166,Which assessment has the smallest frequency count?,online_exams,spider_test,True
False,False,False,False,,,,,0,0,False,167,What are the countries and cities for each address?,real_estate_rentals,spider_test,True
False,False,False,False,,,,,0,0,False,168,Please show each completion year and the number of buildings completed in that year.,region_building,spider_test,True
False,False,False,False,,,,,0,0,False,169,"Return the number of stories for each building in the region named ""Abruzzo"".",region_building,spider_test,True
False,False,False,False,,,,,0,0,False,170,What is the total max price of the properties owned by single mothers or students?,real_estate_rentals,spider_test,True
False,False,False,False,,,,,0,0,False,171,Which student has the loan with the minimum value? List the student's biographical information.,cre_Students_Information_Systems,spider_test,True
False,False,False,False,,,,,0,0,False,172,"Sorted all the press by year profits in descending order, and return press names.",book_press,spider_test,True
False,False,False,False,,,,,0,0,False,173,How many staff do we have?,cre_Doc_Workflow,spider_test,True
False,False,False,False,,,,,0,0,False,174,Find the number of books that are sold more than 1000 for each publisher. List the press name as well.,book_press,spider_test,True
False,False,False,False,,,,,0,0,False,175,How many reservations exist for each boat with an id greater than 50?,boat_1,spider_test,True
False,False,False,False,,,,,0,0,False,176,What are the names of the university with an Accounting major ranked 3 or higher?,university_rank,spider_test,True
False,False,False,False,,,,,0,0,False,177,Which club name contains the string 'state'?,club_leader,spider_test,True
False,False,False,False,,,,,0,0,False,178,Find the names of boats booked by sailors whose age is between 20 and 30.,boat_1,spider_test,True
False,False,False,False,,,,,0,0,False,179,In which years did both buildings with more than 20 stories and buildings with less than 15 stories were completed?,region_building,spider_test,True
False,False,False,False,,,,,0,0,False,180,Who wrote the best selling book? Give me the author name.,book_press,spider_test,True
False,False,False,False,,,,,0,0,False,181,What is the detailed description of the age category code 'Over 60'?,real_estate_rentals,spider_test,True
False,False,False,False,,,,,0,0,False,182,What are the names and ids of all sailors who have a rating of at least 3 and reserved a boat?,boat_1,spider_test,True
False,False,False,False,,,,,0,0,False,183,How many distinct movie theaters are there?,movie_2,spider_test,True
False,False,False,False,,,,,0,0,False,184,In which years were more than one institution founded?,institution_sports,spider_test,True
False,False,False,False,,,,,0,0,False,185,List all affiliations with ascending ordered number of papers.,aan_1,spider_test,True
False,True,False,False,,"[
    {
        ""ReceiptNumber"": 1234567890,
        ""CustomerId"": 1,
        ""Item"": ""Cake"",
        ""Flavor"": ""Cake""
    },
    {
        ""ReceiptNumber"": 1234567891,
        ""CustomerId"": 1,
        ""Item"": ""Tart"",
        ""Flavor"": ""Tart""
    }
]",,,0,1,False,186,What are the flavors available for Cake but not for Tart?,bakery_1,spider_test,True
False,False,False,False,,,,,0,0,False,187,What is the total number of conferences?,conference,spider_test,True
False,False,False,False,,,,,0,0,False,188,What are the distinct payment methods used by customers?,customers_and_orders,spider_test,True
False,False,False,False,,,,,0,0,False,189,List titles of all books published by an author whose name contains the string 'Plato'?,book_1,spider_test,True
False,False,False,False,,,,,0,0,False,190,Give the average justice scores across all countries.,country_language,spider_test,True
False,False,False,False,,,,,0,0,False,191,Count the number of different plane names across all pilots.,pilot_1,spider_test,True
False,False,False,False,,,,,0,0,False,192,List the most common type of engine used by drivers.,car_road_race,spider_test,True
False,True,False,False,,"[
    {
        ""name"": ""John Doe""
    }
]",,,0,1,False,193,What is the name of the client with the most number of orders?,book_1,spider_test,True
False,False,False,False,,,,,0,0,False,194,Which property had the lowest price requested by the vendor? List the id and the price.,real_estate_rentals,spider_test,True
False,False,False,False,,,,,0,0,False,195,What are the movie names in alphabetical order?,movie_2,spider_test,True
False,False,False,False,,,,,0,0,False,196,"Find the names of the authors who did not have any book with the ""Accor"" press.",book_press,spider_test,True
False,False,False,False,,,,,0,0,False,197,List all different types of contents ordered by contents.,warehouse_1,spider_test,True
False,False,False,False,,,,,0,0,False,198,Find all distinct locations of warehouses.,warehouse_1,spider_test,True
False,False,False,False,,,,,0,0,False,199,Which director is in charge of the most programs?,bbc_channels,spider_test,True
False,False,False,False,,,,,0,0,False,200,What is the number of document object ids in the collection named Best?,cre_Doc_and_collections,spider_test,True
False,False,False,False,,,,,0,0,False,201,"What are the isbns for all books, and what is the total amount ordered for each?",book_1,spider_test,True
False,False,False,False,,,,,0,0,False,202,What are the average laps of all the drivers who are younger than 20?,car_racing,spider_test,True
False,False,False,False,,,,,0,0,False,203,Show the most common nationality of customers.,restaurant_bills,spider_test,True
False,False,False,False,,,,,0,0,False,204,How many distinct types of book are there?,book_review,spider_test,True
False,False,False,False,,,,,0,0,False,205,What are the names and ids of all sailors who do not have boat reservations?,boat_1,spider_test,True
False,False,False,False,,,,,0,0,False,206,What are the names of Hardware product with prices above the average price of Hardware products.,customers_and_orders,spider_test,True
False,False,False,False,,,,,0,0,False,207,What are the locations of warehouses in which boxes that contain Rocks and Scissors are kept?,warehouse_1,spider_test,True
False,False,False,False,,,,,0,0,False,208,Give the average price for each food type.,bakery_1,spider_test,True
False,False,False,False,,,,,0,0,False,209,"What are the email addresses, cities, and counties listed for all cusomters who are from the gender that orders less often?",e_commerce,spider_test,True
False,False,False,False,,,,,0,0,False,210,How many pilots whose planes are in Chicago?,pilot_1,spider_test,True
False,False,False,False,,,,,0,0,False,211,What is the age of the driver who raced in the most races?,car_road_race,spider_test,True
False,False,False,False,,,,,0,0,False,212,What are the sculptures called and where are they located?,art_1,spider_test,True
False,False,False,False,,,,,0,0,False,213,Show all city codes and the total distance to all other cities.,address_1,spider_test,True
False,False,False,False,,,,,0,0,False,214,"What are the 10 most cited papers, and how many citations did each have?",aan_1,spider_test,True
False,False,False,False,,,,,0,0,False,215,What is the id of the artist with the most paintings before 1900?,art_1,spider_test,True
False,False,False,False,,,,,0,0,False,216,Return the country in which the user with first name Robbie lives.,real_estate_rentals,spider_test,True
False,False,False,False,,,,,0,0,False,217,What are the city codes of the cities with the maximum distance?,address_1,spider_test,True
False,False,False,False,,,,,0,0,False,218,What are the ids and details of the clients who have attended any meeting or have any invoice?,advertising_agencies,spider_test,True
False,False,False,False,,,,,0,0,False,219,"For each document object id, how many collections does it belong to?",cre_Doc_and_collections,spider_test,True
False,False,False,False,,,,,0,0,False,220,Return the maximum and average power for the vehicles built by Zhuzhou.,vehicle_driver,spider_test,True
False,False,False,False,,,,,0,0,False,221,Find the distinct ids of all paintings that are older than some painting at location gallery 240.,art_1,spider_test,True
False,False,False,False,,,,,0,0,False,222,what are the collection names?,cre_Doc_and_collections,spider_test,True
False,False,False,False,,,,,0,0,False,223,Give the different payment method codes that customers use.,customers_and_orders,spider_test,True
False,False,False,False,,,,,0,0,False,224,What is the stadium of the institution with the largest enrollment?,institution_sports,spider_test,True
False,False,False,False,,,,,0,0,False,225,What is the id of the artist who has the highest number of painting works before 1900?,art_1,spider_test,True
False,False,False,False,,,,,0,0,False,226,What are the names of planes that the pilot Jones who is 32 has?,pilot_1,spider_test,True
False,False,False,False,,,,,0,0,False,227,What is the item that was bought the least number of times?,bakery_1,spider_test,True
False,False,False,False,,,,,0,0,False,228,Find the number of reservations by sailors with id greater than 1 for each boat.,boat_1,spider_test,True
False,False,False,False,,,,,0,0,False,229,What are the id and name of the participants who received score 5 for their sound quality or rhythm tempo?,sing_contest,spider_test,True
False,False,False,False,,,,,0,0,False,230,What are the names of authors who have not published a paper in ACL?,aan_1,spider_test,True
False,False,False,False,,,,,0,0,False,231,List id of documents that in document subset Best for 2000 and collection named Best.,cre_Doc_and_collections,spider_test,True
False,False,False,False,,,,,0,0,False,232,"WHat are the first and last names, and middle initials of all customers who did not make any orders?",e_commerce,spider_test,True
False,False,False,False,,,,,0,0,False,233,Find the name of employees whose salary is above the average salary or more than 5000.,planet_1,spider_test,True
False,False,False,False,,,,,0,0,False,234,Show agency details for client with detail 'Mac'.,advertising_agencies,spider_test,True
False,False,False,False,,,,,0,0,False,235,How many cyclists did not purchase any bike after year 2015?,bike_racing,spider_test,True
False,False,False,False,,,,,0,0,False,236,Show the biographical information of the students whose details include the substring 'Suite'.,cre_Students_Information_Systems,spider_test,True
False,False,False,False,,,,,0,0,False,237,What is the average price for each food type?,bakery_1,spider_test,True
False,False,False,False,,,,,0,0,False,238,Return all platform names and corresponding market districts.,video_game,spider_test,True
False,False,False,False,,,,,0,0,False,239,"What are the different plane names, ordered alphabetically?",pilot_1,spider_test,True
False,False,False,False,,,,,0,0,False,240,Find the names of movies whose rating is ‘G’.,movie_2,spider_test,True
False,False,False,False,,,,,0,0,False,241,"Show the name, nation and result for the cyclists who did not purchase any racing bike.",bike_racing,spider_test,True
False,False,False,False,,,,,0,0,False,242,Show the names of countries and their official languages.,country_language,spider_test,True
False,False,False,False,,,,,0,0,False,243,What are the names of players in ascending order of wins count?,soccer_3,spider_test,True
False,False,False,False,,,,,0,0,False,244,Show all product type codes and the average price for each type.,customers_and_orders,spider_test,True
False,False,False,False,,,,,0,0,False,245,Show the names of club leaders that joined their club before 2018.,club_leader,spider_test,True
False,False,False,False,,,,,0,0,False,246,What are all the flavors of croissant?,bakery_1,spider_test,True
False,False,False,False,,,,,0,0,False,247,What are the average height of paintings for different medium types?,art_1,spider_test,True
False,False,False,False,,,,,0,0,False,248,What is the id and the number of citations of the most cited paper?,aan_1,spider_test,True
False,False,False,False,,,,,0,0,False,249,"List the heat, name, and nation for all the cyclists.",bike_racing,spider_test,True
False,False,False,False,,,,,0,0,False,250,What are all the agency ids and details?,advertising_agencies,spider_test,True
False,False,False,False,,,,,0,0,False,251,What are the numbers of works for different medium type?,art_1,spider_test,True
False,False,False,False,,,,,0,0,False,252,"What are all isbns for each book, and how many times has each been ordered?",book_1,spider_test,True
False,False,False,False,,,,,0,0,False,253,What are the ids for male students not in the USA?,address_1,spider_test,True
False,False,False,False,,,,,0,0,False,254,return the unique ids of sailors who are older than any sailors.,boat_1,spider_test,True
False,False,False,False,,,,,0,0,False,255,List all names of drivers in descending alphabetical order.,car_road_race,spider_test,True
False,False,False,False,,,,,0,0,False,256,Count the number of pilots who have planes in Chicago.,pilot_1,spider_test,True
False,False,False,False,,,,,0,0,False,257,What is the total population of the districts whose areas are in the top 3?,district_spokesman,spider_test,True
False,False,False,False,,,,,0,0,False,258,Find the number of reservations for each boat with more than 1 reservation.,boat_1,spider_test,True
False,False,False,False,,,,,0,0,False,259,"Show the earnings of players from country ""Australia"" or ""Zimbabwe"".",soccer_3,spider_test,True
False,False,False,False,,,,,0,0,False,260,Return the winning drivers of races who did not have the pole position of Junior Strous.,car_road_race,spider_test,True
False,False,False,False,,,,,0,0,False,261,"What is the id of the property that had the lowest requested price from the vendor, and what was that price?",real_estate_rentals,spider_test,True
False,False,False,False,,,,,0,0,False,262,"For each document object id, how many children do they have?",cre_Doc_and_collections,spider_test,True
False,False,False,False,,,,,0,0,False,263,"Show all client names who have orders for ""Pride and Prejudice"".",book_1,spider_test,True
False,False,False,False,,,,,0,0,False,264,What is the average salary of all intern jobs?,planet_1,spider_test,True
False,False,False,False,,,,,0,0,False,265,How many different places have some plane?,pilot_1,spider_test,True
False,False,False,False,,,,,0,0,False,266,Find the model of the most expensive headphone.,headphone_store,spider_test,True
False,False,False,False,,,,,0,0,False,267,Find the manager and sponsor of the team that has the most drivers.,car_racing,spider_test,True
False,False,False,False,,,,,0,0,False,268,Find the teams that won more than once.,car_road_race,spider_test,True
False,False,False,False,,,,,0,0,False,269,What are the names of pilots who have flown Piper Cub but not the B-52 Bomber?,pilot_1,spider_test,True
False,False,False,False,,,,,0,0,False,270,"Give me the list of ids of all goods whose id has ""APP"".",bakery_1,spider_test,True
False,True,False,False,,"[
    {
        ""first_name"": ""John"",
        ""number_of_works"": 10
    },
    {
        ""first_name"": ""Jane"",
        ""number_of_works"": 5
    }
]",,,0,1,False,271,What is the first name of the sculptor with the greatest number of works?,art_1,spider_test,True
False,False,False,False,,,,,0,0,False,272,"What are the different pilot names, and what are the maximum ages of pilots for each?",pilot_1,spider_test,True
False,False,False,False,,,,,0,0,False,273,Find the number of students living in each city.,address_1,spider_test,True
False,False,False,False,,,,,0,0,False,274,Find the code and content of all boxes whose value is higher than the value of all boxes with Scissors as content.,warehouse_1,spider_test,True
True,False,False,False,[SQL Query],,,,1,0,False,275,Find the headphone models that are not in stock in any store.,headphone_store,spider_test,True
False,False,False,False,,,,,0,0,False,276,how many sailors in total?,boat_1,spider_test,True
False,False,False,False,,,,,0,0,False,277,What are the names and powertrain types of cars that have more than 30 total rental hours?,vehicle_rent,spider_test,True
False,False,False,False,,,,,0,0,False,278,"Find the names of all the services which both have been used by customer ""Hardy Kutch"" and have been rated ""bad"" in one of the customer interactions.",government_shift,spider_test,True
False,False,False,False,,,,,0,0,False,279,What is the name of the affiliation which publishes the greatest number of papers among those whose address contains 'China'.,aan_1,spider_test,True
False,False,False,False,,,,,0,0,False,280,Find the name and Citation point of the universities whose reputation points are top 3 and above.,university_rank,spider_test,True
False,False,False,False,,,,,0,0,False,281,What are the names of all employees who don't have clearance on Mars?,planet_1,spider_test,True
False,False,False,False,,,,,0,0,False,282,What are all the distinct franchises?,video_game,spider_test,True
False,False,False,False,,,,,0,0,False,283,"How many citations does Mckeown , Kathleen have ?",aan_1,spider_test,True
False,False,False,False,,,,,0,0,False,284,Count the number of addresses.,customers_and_orders,spider_test,True
False,False,False,False,,,,,0,0,False,285,What are the cities and provinces of institutions?,institution_sports,spider_test,True
False,False,False,False,,,,,0,0,False,286,How many institution are founded between 1850 and 1900?,conference,spider_test,True
False,False,False,False,,,,,0,0,False,287,How many agencies do we have?,advertising_agencies,spider_test,True
False,False,False,False,,,,,0,0,False,288,What are the distinct ids of customers who bought lemon flavored cake?,bakery_1,spider_test,True
False,False,False,False,,,,,0,0,False,289,Return all details of sailors who are older than 30.,boat_1,spider_test,True
False,False,False,False,,,,,0,0,False,290,What are the maximum and minimum weight of all bikes?,bike_racing,spider_test,True
False,False,False,False,,,,,0,0,False,291,What is the least common order status?,e_commerce,spider_test,True
False,False,False,False,,,,,0,0,False,292,What are the types and release dates of books?,book_review,spider_test,True
False,False,False,False,,,,,0,0,False,293,List all package sent or received by Leo Wong.,planet_1,spider_test,True
False,False,False,False,,,,,0,0,False,294,"For ever collection named 'Best', what is the name and id of the one with the most documents, and how many documents does it have?",cre_Doc_and_collections,spider_test,True
False,False,False,False,,,,,0,0,False,295,"What are the names and colleges of all players, ordered by rank of year descending?",video_game,spider_test,True
False,False,False,False,,,,,0,0,False,296,Give the models of cars that have a total production of over 100 or a top speed over 150.,vehicle_driver,spider_test,True
False,False,False,False,,,,,0,0,False,297,"Select the code of each box, along with the name of the city the box is located in.",warehouse_1,spider_test,True
False,False,False,False,,,,,0,0,False,298,What is the number of distinct countries of all players?,soccer_3,spider_test,True
False,False,False,False,,,,,0,0,False,299,What collection details are there on the subset named 'Top collection'?,cre_Doc_and_collections,spider_test,True
False,False,False,False,,,,,0,0,False,300,What are the ids with apple flavor?,bakery_1,spider_test,True
False,False,False,False,,,,,0,0,False,301,Show the capital of the region that has the most buildings.,region_building,spider_test,True
False,False,False,False,,,,,0,0,False,302,List package number of package shipped in planet Omicron Persei 8 and sent by Zapp Brannigan.,planet_1,spider_test,True
False,False,False,False,,,,,0,0,False,303,Return the most common type of affiliation across all institutions.,institution_sports,spider_test,True
False,False,False,False,,,,,0,0,False,304,How much do the products cost on average?,e_commerce,spider_test,True
False,False,False,False,,,,,0,0,False,305,Find the name of all movies that are not played in Odeon theater.,movie_2,spider_test,True
False,False,False,False,,,,,0,0,False,306,Return the number of different room sizes.,real_estate_rentals,spider_test,True
False,False,False,False,,,,,0,0,False,307,In which states are each of the the properties located?,real_estate_rentals,spider_test,True
False,False,False,False,,,,,0,0,False,308,Count the number of entries for each plane name.,pilot_1,spider_test,True
False,False,False,False,,,,,0,0,False,309,What are the product sizes of the products whose name has the substring 'Dell'?,e_commerce,spider_test,True
False,False,False,False,,,,,0,0,False,310,Show the titles of books that have been ordered.,book_1,spider_test,True
False,False,False,False,,,,,0,0,False,311,Show all invoice ids and statuses without a payment.,advertising_agencies,spider_test,True
False,False,False,False,,,,,0,0,False,312,Return the name of the discount that corresponds to the most rental history records.,vehicle_rent,spider_test,True
False,False,False,False,,,,,0,0,False,313,What are all the receipt numbers that have a good with a price above 10 or have the earliest date?,bakery_1,spider_test,True
False,False,False,False,,,,,0,0,False,314,"Who is the author of the book ""Pride and Prejudice""?",book_1,spider_test,True
False,False,False,False,,,,,0,0,False,315,Find the details of the customers who have used the least-used service .,government_shift,spider_test,True
False,False,False,False,,,,,0,0,False,316,Count the number of vehicles.,vehicle_rent,spider_test,True
False,False,False,False,,,,,0,0,False,317,List the names of the regions with the top 5 largest areas.,region_building,spider_test,True
False,False,False,False,,,,,0,0,False,318,"Find all papers with titles and paper IDs co-authored by Mckeown, Kathleen and Rambow, Owen.",aan_1,spider_test,True
False,False,False,False,,,,,0,0,False,319,What is the name of the client who has ordered the greatest total amount of books?,book_1,spider_test,True
False,False,False,False,,,,,0,0,False,320,What are all the address ids and address details?,customers_and_orders,spider_test,True
True,False,False,False,"SELECT Q.Question_Text, COUNT(*) as Frequency
FROM Questions Q
JOIN Questions_in_Exams QI ON Q.Question_ID = QI.Question_ID
JOIN Valid_Answers VA ON QI.Question_ID = VA.Question_ID
JOIN Student_Answers SA ON QI.Question_ID = SA.Question_ID
WHERE SA.Satisfactory_YN = 'Y'
GROUP BY Q.Question_ID, Q.Question_Text
ORDER BY Frequency DESC
LIMIT 1;",,,,1,0,False,321,What is the most common valid answer text?,online_exams,spider_test,True
False,False,False,False,,,,,0,0,False,322,List all book titles which have the lowest sale price .,book_1,spider_test,True
False,False,False,False,,,,,0,0,False,323,Find the valid answer text that appeared most frequently.,online_exams,spider_test,True
False,False,False,False,,,,,0,0,False,324,What is the number of child collections belonging to the collection named Best?,cre_Doc_and_collections,spider_test,True
False,False,False,False,,,,,0,0,False,325,Find the number of books for each series.,book_press,spider_test,True
False,False,False,False,,,,,0,0,False,326,Find the number of all pilots whose age is older than some pilot who has plane Piper Cub.,pilot_1,spider_test,True
False,False,False,False,,,,,0,0,False,327,What are the names of players from the club managed by Sam Allardyce?,soccer_3,spider_test,True
False,False,False,False,,,,,0,0,False,328,What is the name and number of citations of the author with the greatest number of citations among authors?,aan_1,spider_test,True
False,False,False,False,,,,,0,0,False,329,Find the name and age of pilots who have a plane in Austin.,pilot_1,spider_test,True
False,False,False,False,,,,,0,0,False,330,What are the average and smallest ages of all pilots?,pilot_1,spider_test,True
False,False,False,False,,,,,0,0,False,331,Which artists have the most paintings in oil?,art_1,spider_test,True
False,False,False,False,,,,,0,0,False,332,"What are the codes of all boxes, as well as the locations of the warehouses they are in?",warehouse_1,spider_test,True
False,False,False,False,,,,,0,0,False,333,"Among the students who have an event record, who do not have a student loan? Return the students' biographical data.",cre_Students_Information_Systems,spider_test,True
False,False,False,False,,,,,0,0,False,334,What is the name of the country with the highest politics score?,country_language,spider_test,True
False,False,False,False,,,,,0,0,False,335,What are the items with chocolate flavor that were purchased at most 10 times.,bakery_1,spider_test,True
False,False,False,False,,,,,0,0,False,336,Return the agency id and details for the agency with the greatest number of clients.,advertising_agencies,spider_test,True
False,False,False,False,,,,,0,0,False,337,"What are the names of the products tht have been shipped, and on what days were they shipped?",e_commerce,spider_test,True
False,False,False,False,,,,,0,0,False,338,Give the feature name and description for the most common feature across all properties.,real_estate_rentals,spider_test,True
False,False,False,False,,,,,0,0,False,339,"What are all the ids of goods with an id which contains ""APP""?",bakery_1,spider_test,True
False,False,False,False,,,,,0,0,False,340,List name and parking info for the stores in the Tarzana neighborhood.,headphone_store,spider_test,True
False,False,False,False,,,,,0,0,False,341,"Find the model, class, and construction of the headphone with the lowest price.",headphone_store,spider_test,True
False,False,False,False,,,,,0,0,False,342,Count the number of students who have a detention record.,cre_Students_Information_Systems,spider_test,True
False,False,False,False,,,,,0,0,False,343,In which year did the most building constructions complete?,region_building,spider_test,True
False,False,False,False,,,,,0,0,False,344,How many pilots are younger than all pilots who own the F-14 Fighter?,pilot_1,spider_test,True
False,False,False,False,,,,,0,0,False,345,List the dates of all shipments.,planet_1,spider_test,True
False,False,False,False,,,,,0,0,False,346,"What are the buildings, streets, and cities corresponding to the addresses of senior citizens?",real_estate_rentals,spider_test,True
False,False,False,False,,,,,0,0,False,347,"List collection subset id, name and number of collections in each subset.",cre_Doc_and_collections,spider_test,True
False,False,False,False,,,,,0,0,False,348,"For each student, find the student id, student biographical data, and the number of courses he or she takes.",cre_Students_Information_Systems,spider_test,True
False,False,False,False,,,,,0,0,False,349,Show all client names and the number of orders each has made.,book_1,spider_test,True
False,False,False,False,,,,,0,0,False,350,Give the distance between BAL and CHI?,address_1,spider_test,True
False,False,False,False,,,,,0,0,False,351,Which customers have total order quantity greater than 1? Give me the customer names.,restaurant_bills,spider_test,True
False,False,False,False,,,,,0,0,False,352,List the search content of the users who do not own a single property.,real_estate_rentals,spider_test,True
False,False,False,False,,,,,0,0,False,353,List the names and languages of the songs .,sing_contest,spider_test,True
False,False,False,False,,,,,0,0,False,354,What are the names of pilots who are younger than 35 and have a plane named Piper Cub?,pilot_1,spider_test,True
False,False,False,False,,,,,0,0,False,355,What are the details for the staff member with id 100.,cre_Doc_Workflow,spider_test,True
False,False,False,False,,,,,0,0,False,356,What are the number of shipments managed and names of each manager?,planet_1,spider_test,True
False,False,False,False,,,,,0,0,False,357,Return the average number of units sold in millions for games not developed by Nintendo.,video_game,spider_test,True
False,False,False,False,,,,,0,0,False,358,Find the name and age of the director who is in charge of the most programs?,bbc_channels,spider_test,True
False,False,False,False,,,,,0,0,False,359,What is the total number of Monitor products that have been ordered?,customers_and_orders,spider_test,True
False,False,False,False,,,,,0,0,False,360,What is the total weight of all the packages that customer Leo Wong sent?,planet_1,spider_test,True
False,False,False,False,,,,,0,0,False,361,What is the name of the film playing at the most number of theaters?,movie_2,spider_test,True
False,False,False,False,,,,,0,0,False,362,Show all invoice ids and the number of payments for each invoice.,advertising_agencies,spider_test,True
False,False,False,False,,,,,0,0,False,363,What is the name and year of each painting created by the artist whose first name is Mary?,art_1,spider_test,True
False,False,False,False,,,,,0,0,False,364,"Which services have been rated as ""unsatisfied"" in customers and services details? Give me the service_details.",government_shift,spider_test,True
False,False,False,False,,,,,0,0,False,365,Return the invoice status that has the most invoices.,advertising_agencies,spider_test,True
False,False,False,False,,,,,0,0,False,366,"Which good has ""70"" in its id? And what is its price?",bakery_1,spider_test,True
False,False,False,False,,,,,0,0,False,367,"What are highest, lowest, and average prices of goods, grouped and ordered by flavor?",bakery_1,spider_test,True
False,False,False,False,,,,,0,0,False,368,What is the code and contents for the box that has the smallest value?,warehouse_1,spider_test,True
False,False,False,False,,,,,0,0,False,369,How many papers does Stanford University have between 2000 and 2009?,aan_1,spider_test,True
False,False,False,False,,,,,0,0,False,370,What are the names of all teams from universities that have more people enrolled than average ?,university_rank,spider_test,True
False,False,False,False,,,,,0,0,False,371,List all Planets' names and coordinates in alphabetical order of name.,planet_1,spider_test,True
False,False,False,False,,,,,0,0,False,372,Find the number of movies whose rating is ‘G’.,movie_2,spider_test,True
False,False,False,False,,,,,0,0,False,373,How many addresses do we have?,customers_and_orders,spider_test,True
False,False,False,False,,,,,0,0,False,374,Show all hardware type products in ascending order of price.,customers_and_orders,spider_test,True
False,False,False,False,,,,,0,0,False,375,What are the codes of warehouses that have more boxes than their capacity?,warehouse_1,spider_test,True
False,False,False,False,,,,,0,0,False,376,"For each order, what is its id, date, and total amount paid?",e_commerce,spider_test,True
False,False,False,False,,,,,0,0,False,377,how many authors are under age 30?,book_press,spider_test,True
False,False,False,False,,,,,0,0,False,378,List all document subsets of documents that related to each document id. List the name of document subset and the document id.,cre_Doc_and_collections,spider_test,True
False,False,False,False,,,,,0,0,False,379,What are the names of players and the corresponding clubs that they are in?,soccer_3,spider_test,True
True,False,False,False,[SQL Query],,,,1,0,False,380,"Which services are both used by the customer ""Hardy Kutch"" and are rated as ""bad"" in a customer interaction? Give me the service details.",government_shift,spider_test,True
False,False,False,False,,,,,0,0,False,381,What is the average value of boxes?,warehouse_1,spider_test,True
True,True,False,False,[Thinking Process],"[
    {
        ""Driver_ID"": 1,
        ""Cycling_Series"": ""F1"",
        ""Count"": 2
    },
    {
        ""Driver_ID"": 2,
        ""Cycling_Series"": ""F1"",
        ""Count"": 3
    },
    {
        ""Driver_ID"": 3,
        ""Cycling_Series"": ""F1"",
        ""Count"": 4
    }
]",,,1,1,False,382,How many drivers have been racing in each racing series?,vehicle_driver,spider_test,True
False,False,False,False,,,,,0,0,False,383,How many business processes do we have?,cre_Doc_Workflow,spider_test,True
False,False,False,False,,,,,0,0,False,384,Show all driver names in the alphabetical order.,vehicle_driver,spider_test,True
False,False,False,False,,,,,0,0,False,385,What is the total value of boxes contained in any location but Chicago?,warehouse_1,spider_test,True
False,False,False,False,,,,,0,0,False,386,What is the count of the sailors whose name starts with letter D ?,boat_1,spider_test,True
False,False,False,False,,,,,0,0,False,387,Find the type of contents that are not in the warehouses located at New York.,warehouse_1,spider_test,True
False,False,False,False,,,,,0,0,False,388,"Show ids for orders including both ""Pride and Prejudice"" and ""The Little Prince"".",book_1,spider_test,True
False,False,False,False,,,,,0,0,False,389,Show all conference names and the number of times each conference has.,conference,spider_test,True
False,False,False,False,,,,,0,0,False,390,what is the name and id of sailors who do not have a reservation of a boat?,boat_1,spider_test,True
True,False,False,False,[thinking process],,,,1,0,False,391,What is the name of the author with most number of documents?,cre_Doc_Workflow,spider_test,True
False,False,False,False,,,,,0,0,False,392,Which orders have at least 2 products on it? List the order id and date.,e_commerce,spider_test,True
False,False,False,False,,,,,0,0,False,393,Show the book title corresponding to the book with the most number of orders.,book_1,spider_test,True
False,True,False,False,,"[
    {
        ""Country"": ""United States""
    },
    {
        ""Country"": ""Canada""
    }
]",,,0,1,False,394,What are the distinct countries of players with earnings higher than 1200000?,soccer_3,spider_test,True
False,False,False,False,,,,,0,0,False,395,What are the names and locations of the most recently-founded institution?,conference,spider_test,True
False,False,False,False,,,,,0,0,False,396,What is the cheapest good with cheese flavor?,bakery_1,spider_test,True
False,False,False,False,,,,,0,0,False,397,Return the affiliations of instituions that are not in the city of Vancouver.,institution_sports,spider_test,True
False,False,False,False,,,,,0,0,False,398,"What is the most common property type, and what is its description.",real_estate_rentals,spider_test,True
True,False,False,False,[SQL Query],,,,1,0,False,399,What are the names and original air dates of tv shows?,tv_shows,spider_test,True
False,False,False,False,,,,,0,0,False,400,"For each gender, return the gender code and the number of students who identify as that gender.",online_exams,spider_test,True
False,False,False,False,,,,,0,0,False,401,Which customers never used any services ? Give me the customer details .,government_shift,spider_test,True
False,False,False,False,,,,,0,0,False,402,Show the name and model year of the vehicle with most number of renting history records.,vehicle_rent,spider_test,True
False,False,False,False,,,,,0,0,False,403,"Show the name of the leader of the club named ""Houston"".",club_leader,spider_test,True
False,False,False,False,,,,,0,0,False,404,List all the driver names in descending order of points.,car_racing,spider_test,True
False,False,False,False,,,,,0,0,False,405,Show all staff role codes and the number of document processes for each role.,cre_Doc_Workflow,spider_test,True
False,False,False,False,,,,,0,0,False,406,What is the description for the process outcome code working?,cre_Doc_Workflow,spider_test,True
False,False,False,False,,,,,0,0,False,407,What is the title and purchase price of the book that has the highest total order amount?,book_1,spider_test,True
False,False,False,False,,,,,0,0,False,408,What is the average units sold in millions of the games that are not developed by Nintendo?,video_game,spider_test,True
False,False,False,False,,,,,0,0,False,409,What are the names of distinct racing bikes that are purchased by the cyclists with better results than '4:21.558' ?,bike_racing,spider_test,True
False,False,False,False,,,,,0,0,False,410,What is the maximum number of stories of buildings not completed in 1980?,region_building,spider_test,True
False,False,False,False,,,,,0,0,False,411,Return name and age for sailors who are younger than 30.,boat_1,spider_test,True
False,False,False,False,,,,,0,0,False,412,"What are the names of all the clients, and how many times has each of them ordered?",book_1,spider_test,True
False,False,False,False,,,,,0,0,False,413,"Which services are used by the customer ""Hardy Kutch"" or are rated as ""good"" in a customer interaction? Give me the service details.",government_shift,spider_test,True
False,False,False,False,,,,,0,0,False,414,What are the names of drivers and the names of the races they took part in?,car_road_race,spider_test,True
False,False,False,False,,,,,0,0,False,415,Return the ids and details of clients who have attended a meeting or had an invoice.,advertising_agencies,spider_test,True
False,False,False,False,,,,,0,0,False,416,Find the titles of paintings and sculpture works made by the artist whose id is 222?,art_1,spider_test,True
False,False,False,False,,,,,0,0,False,417,"What are the last names and ids of users who have searched two or fewer times, and own two or more properties?",real_estate_rentals,spider_test,True
False,False,False,False,,,,,0,0,False,418,What are the names of all cities in PA?,address_1,spider_test,True
False,False,False,False,,,,,0,0,False,419,Which teachers teach a class that has the substring 'data' in its detail but do not teach a class that has prefix 'net' in its detail? Give me the teacher details.,cre_Students_Information_Systems,spider_test,True
False,False,False,False,,,,,0,0,False,420,Find the id of the oldest painting.,art_1,spider_test,True
False,False,False,False,,,,,0,0,False,421,List names and colleges of all players in descending order of rank of the year.,video_game,spider_test,True
False,False,False,False,,,,,0,0,False,422,List the Collection Name that document owned by 'Ransom ' belong to .,cre_Doc_and_collections,spider_test,True
False,False,False,False,,,,,0,0,False,423,List the names of the products being shipped and the corresponding shipment date.,e_commerce,spider_test,True
False,False,False,False,,,,,0,0,False,424,Show the three official languages that are most commonly spoken.,country_language,spider_test,True
False,False,False,False,,,,,0,0,False,425,How many meetings are there for each client id?,advertising_agencies,spider_test,True
False,False,False,False,,,,,0,0,False,426,"What are the names of the products, sorted by descending price?",customers_and_orders,spider_test,True
False,False,False,False,,,,,0,0,False,427,What is the name of the university with the most majors ranked number 1?,university_rank,spider_test,True
False,False,False,False,,,,,0,0,False,428,Find the names of sailors whose rating is larger than the rating of all sailors who booked a red boat.,boat_1,spider_test,True
False,False,False,False,,,,,0,0,False,429,"For all products sold more than 3 times, what are their ids and descriptions?",e_commerce,spider_test,True
False,False,False,False,,,,,0,0,False,430,Return the names of drivers who have driven vehicles with power over 5000.,vehicle_driver,spider_test,True
False,False,False,False,,,,,0,0,False,431,Show the institution name and the number of staff for each institution founded after 1800.,conference,spider_test,True
False,False,False,False,,,,,0,0,False,432,What is the name and age of the customer with the most membership credit?,vehicle_rent,spider_test,True
False,False,False,False,,,,,0,0,False,433,"What are the makes of the teams with car owner ""Buddy Arrington""?",car_racing,spider_test,True
False,False,False,False,,,,,0,0,False,434,What are the names of the staff members who have been both a speaker and a sponsor at some conference?,conference,spider_test,True
True,False,False,False,"[
    {
        ""sql"": ""SELECT Type, COUNT(*) AS review_count FROM book JOIN review ON book.Book_ID = review.Book_ID GROUP BY Type ORDER BY review_count DESC LIMIT 1""
    }
]",,,,1,0,False,435,What is the most common type of books?,book_review,spider_test,True
False,False,False,False,,,,,0,0,False,436,Return the title of the program that began most recently.,bbc_channels,spider_test,True
False,False,False,False,,,,,0,0,False,437,What is the average age of pilots for different types of planes?,pilot_1,spider_test,True
False,False,False,False,,,,,0,0,False,438,Find all papers with titles and paper IDs collaborated by Stanford University and Columbia University.,aan_1,spider_test,True
False,False,False,False,,,,,0,0,False,439,"For each city, find the number and average age of pilots who have a plane.",pilot_1,spider_test,True
False,False,False,False,,,,,0,0,False,440,What is the heaviest package sent by the clients which 'John' is part of their name? List package number and weight.,planet_1,spider_test,True
False,False,False,False,,,,,0,0,False,441,Show all home conferences with average enrollment of universities above 2000.,university_rank,spider_test,True
False,False,False,False,,,,,0,0,False,442,What are the id and name of the cyclist who owns the most bikes?,bike_racing,spider_test,True
False,False,False,False,,,,,0,0,False,443,How many reservations exist for each boat that has more than 1 reservation already?,boat_1,spider_test,True
False,False,False,False,,,,,0,0,False,444,What is the total enrollment of universities with a overall rank 5 or below?,university_rank,spider_test,True
False,False,False,False,,,,,0,0,False,445,Find the number of employees who do not have clearance in Mars .,planet_1,spider_test,True
False,False,False,False,,,,,0,0,False,446,How many papers do we have?,aan_1,spider_test,True
False,False,False,False,,,,,0,0,False,447,What are all the user searches time and content? Sort the result descending by content.,real_estate_rentals,spider_test,True
False,False,False,False,,,,,0,0,False,448,"What is the maximum, average, and minimum enrollment for universities?",university_rank,spider_test,True
False,False,False,False,,,,,0,0,False,449,Show the transmitters of radios and the cities of the channels they are associated with.,tv_shows,spider_test,True
False,False,False,False,,,,,0,0,False,450,Select the area and government website of the district with the smallest population.,district_spokesman,spider_test,True
False,False,False,False,,,,,0,0,False,451,Find pilots who own planes Piper Cub and B-52 Bomber.,pilot_1,spider_test,True
False,False,False,False,,,,,0,0,False,452,Find the number of channels that do not run any program.,bbc_channels,spider_test,True
False,False,False,False,,,,,0,0,False,453,Select contents of all boxes with a value larger than $150.,warehouse_1,spider_test,True
False,False,False,False,,,,,0,0,False,454,"For each conference name, how many times has it occurred?",conference,spider_test,True
False,False,False,False,,,,,0,0,False,455,Show the client name who has the most total amount of books ordered.,book_1,spider_test,True
False,False,False,False,,,,,0,0,False,456,What are the names of franchises that have two or more games?,video_game,spider_test,True
False,False,False,False,,,,,0,0,False,457,List the names of languages that are not the official language of any countries.,country_language,spider_test,True
False,False,False,False,,,,,0,0,False,458,Find the ids of customers who have spent more than 150 dollars in total.,bakery_1,spider_test,True
False,False,False,False,,,,,0,0,False,459,Show all the order dates and ids of the orders with quantity of any product larger than 6 or with more than 3 products.,customers_and_orders,spider_test,True
False,False,False,False,,,,,0,0,False,460,Return the maximum and minimum enrollment across all institutions.,institution_sports,spider_test,True
False,False,False,False,,,,,0,0,False,461,Show the number of process outcomes.,cre_Doc_Workflow,spider_test,True
False,False,False,False,,,,,0,0,False,462,Show all names who have been in both ACL and Naccl.,conference,spider_test,True
False,False,False,False,,,,,0,0,False,463,Find all earpads that do not use plastic construction.,headphone_store,spider_test,True
False,False,False,False,,,,,0,0,False,464,How many products do we have?,customers_and_orders,spider_test,True
False,False,False,False,,,,,0,0,False,465,"What are the maximum and minimum health scores among countries that are not ""Norway"".",country_language,spider_test,True
False,False,False,False,,,,,0,0,False,466,Find boats reserved by Sailor with id 1.,boat_1,spider_test,True
False,False,False,False,,,,,0,0,False,467,"What are the names of clubs, ordered descending by the average earnings of players within each?",soccer_3,spider_test,True
False,False,False,False,,,,,0,0,False,468,Show all invoice status codes and the number of invoices with each status.,advertising_agencies,spider_test,True
False,False,False,False,,,,,0,0,False,469,"What is the status code of the items have been ordered and shipped, and also what are their shipment tracking numbers?",e_commerce,spider_test,True
False,False,False,False,,,,,0,0,False,470,Which headphone model has the largest quantity of stock across all the stores?,headphone_store,spider_test,True
False,False,False,False,,,,,0,0,False,471,What are the client id and details for the client with the most invoices?,advertising_agencies,spider_test,True
False,False,False,False,,,,,0,0,False,472,What are the different home conferences from the university table?,university_rank,spider_test,True
False,False,False,False,,,,,0,0,False,473,Compute the average laps of drivers under the age of 20.,car_racing,spider_test,True
False,False,False,False,,,,,0,0,False,474,Give me the first name and last name of customers who have bought apple flavor Tart.,bakery_1,spider_test,True
False,False,False,False,,,,,0,0,False,475,Show all staff names who have been both speaker and sponsor in some conference.,conference,spider_test,True
False,False,False,False,,,,,0,0,False,476,Give the code of the payment method that is most commonly used.,customers_and_orders,spider_test,True
False,False,False,False,,,,,0,0,False,477,How many games are there from each Franchise?,video_game,spider_test,True
False,False,False,False,,,,,0,0,False,478,List the name of languages in ascending alphabetical order.,country_language,spider_test,True
False,False,False,False,,,,,0,0,False,479,Find the biographical data and details for students whose student loan is above the average amount.,cre_Students_Information_Systems,spider_test,True
False,False,False,False,,,,,0,0,False,480,List all the pairs of buyer first names and product names.,e_commerce,spider_test,True
False,False,False,False,,,,,0,0,False,481,Return the names of planes owned by the pilot whose name is Smith and is 41 years old.,pilot_1,spider_test,True
False,False,False,False,,,,,0,0,False,482,"For those students who have gone through an event, who do not have a student loan? List the students' biographical data",cre_Students_Information_Systems,spider_test,True
False,False,False,False,,,,,0,0,False,483,List the names of all distinct paintings in alphabetical order.,art_1,spider_test,True
False,False,False,False,,,,,0,0,False,484,What is the total value of boxes kept in the warehouse with the greatest capacity?,warehouse_1,spider_test,True
False,False,False,False,,,,,0,0,False,485,"Sort all the customers by the level of membership in ascending order, and return the customer names.",restaurant_bills,spider_test,True
False,False,False,False,,,,,0,0,False,486,"For the document subset named 'Best for 2000', what are the document ids in that subset?",cre_Doc_and_collections,spider_test,True
False,False,False,False,,,,,0,0,False,487,Count the number of products.,customers_and_orders,spider_test,True
False,False,False,False,,,,,0,0,False,488,What is the list of channel details ordered alphabetically ?,government_shift,spider_test,True
False,False,False,False,,,,,0,0,False,489,Find the names of districts whose government links use a 'gov' domain.,district_spokesman,spider_test,True
False,False,False,False,,,,,0,0,False,490,What are the headphone models that cost less than the average price?,headphone_store,spider_test,True
False,False,False,False,,,,,0,0,False,491,"Show all meeting ids, meeting outcomes, meeting types and the details of the client atttending it.",advertising_agencies,spider_test,True
False,False,False,False,,,,,0,0,False,492,Find the names of the districts which have had both spokesman with rank position 1 and 2.,district_spokesman,spider_test,True
False,False,False,False,,,,,0,0,False,493,How many different official languages are there?,country_language,spider_test,True
False,False,False,False,,,,,0,0,False,494,Find the number of districts which have no spokesmen.,district_spokesman,spider_test,True
False,False,False,False,,,,,0,0,False,495,List all meeting type codes and details.,advertising_agencies,spider_test,True
True,True,False,False,[SQL Query],"[
    {
        ""country"": ""United States"",
        ""count"": 40
    },
    {
        ""country"": ""Canada"",
        ""count"": 39
    },
    {
        ""country"": ""Australia"",
        ""count"": 38
    }
]",,,1,1,False,496,Which country has fewest number of cities?,address_1,spider_test,True
False,False,False,False,,,,,0,0,False,497,What are the different descriptions of all the parent documents?,cre_Doc_and_collections,spider_test,True
False,False,False,False,,,,,0,0,False,498,"For every order, how many products does it contain, and what are the orders' statuses and ids?",e_commerce,spider_test,True
False,False,False,False,,,,,0,0,False,499,Which customers do not have any order? Give me the customer names.,restaurant_bills,spider_test,True
False,False,False,False,,,,,0,0,False,500,"For each conference id, what are their names, year, and number of participants?",conference,spider_test,True
False,False,False,False,,,,,0,0,False,501,Compute the average population of a region.,region_building,spider_test,True
False,False,False,False,,,,,0,0,False,502,What are the maximum and minimum rank of the year of players.,video_game,spider_test,True
False,False,False,False,,,,,0,0,False,503,List the names of buildings in ascending order of number of stories.,region_building,spider_test,True
False,False,False,False,,,,,0,0,False,504,Find the details of the services that have been used by more than 3 times .,government_shift,spider_test,True
False,False,False,False,,,,,0,0,False,505,What are the codes and corresponding contents of boxes for which their value is higher than the values of all boxes containing Scissors?,warehouse_1,spider_test,True
False,True,False,False,,"[
    {
        ""country"": ""United States"",
        ""earnings"": 100000,
        ""wins_count"": 3,
        ""club_id"": 1
    },
    {
        ""country"": ""Canada"",
        ""earnings"": 80000,
        ""wins_count"": 4,
        ""club_id"": 2
    }
]",,,0,1,False,506,What is the country of the player with the highest earnings among players that have more than 2 win counts?,soccer_3,spider_test,True
False,False,False,False,,,,,0,0,False,507,"Find the press that published more than two books, and return its name and yearly profit in billion.",book_press,spider_test,True
False,False,False,False,,,,,0,0,False,508,"Sort buildings in descending order of the number of stories, and return their completion years.",region_building,spider_test,True
False,False,False,False,,,,,0,0,False,509,Count the number of drivers who have raced in NASCAR.,vehicle_driver,spider_test,True
False,False,False,False,,,,,0,0,False,510,"For document subset named 'Best for 2000', List all document id that in this subset.",cre_Doc_and_collections,spider_test,True
False,False,False,False,,,,,0,0,False,511,Count the number of properties with at least two features.,real_estate_rentals,spider_test,True
False,False,False,False,,,,,0,0,False,512,What are the coordinates of the planet named Mars?,planet_1,spider_test,True
False,False,False,False,,,,,0,0,False,513,Show all information on students.,online_exams,spider_test,True
False,False,False,False,,,,,0,0,False,514,Give the country with the fewest students.,address_1,spider_test,True
True,False,False,False,"SELECT COUNT(DISTINCT T1.product_id) AS num_products_not_sold
FROM Orders AS T1
JOIN Order_Items AS T2 ON T1.order_id = T2.order_id
WHERE T2.product_id IN (
    SELECT DISTINCT T3.product_id FROM Products AS T3
    WHERE T3.product_id NOT IN (
        SELECT T1.product_id FROM Orders AS T1
        JOIN Order_Items AS T2 ON T1.order_id = T2.order_id
        GROUP BY T1.order_id
        HAVING COUNT(T2.product_id) > 0
    )
)",,,,1,0,False,515,How many kinds of products have not been sold?,e_commerce,spider_test,True
False,False,False,False,,,,,0,0,False,516,What is the average ERP across all radios?,tv_shows,spider_test,True
False,False,False,False,,,,,0,0,False,517,What is the name and model year of the vehicle which has been rented the most times?,vehicle_rent,spider_test,True
False,False,False,False,,,,,0,0,False,518,What are the shipment ids for the planet Mars?,planet_1,spider_test,True
False,False,False,False,,,,,0,0,False,519,Find the number of pilots for the plane types with average pilot age below 35.,pilot_1,spider_test,True
False,False,False,False,,,,,0,0,False,520,How many products named Monitor have been ordered?,customers_and_orders,spider_test,True
False,False,False,False,,,,,0,0,False,521,"Where do the Senior Citizens live? List building, street, and the city.",real_estate_rentals,spider_test,True
False,False,False,False,,,,,0,0,False,522,"Find the countries in which there are both drivers with make ""Dodge"" and drivers with make ""Chevrolet"".",car_racing,spider_test,True
False,False,False,False,,,,,0,0,False,523,Show details for all clients and the details of their corresponding agents.,advertising_agencies,spider_test,True
False,False,False,False,,,,,0,0,False,524,What is the number of products that have not been ordered yet?,e_commerce,spider_test,True
False,False,False,False,,,,,0,0,False,525,Please list the title and platform name of games.,video_game,spider_test,True
False,False,False,False,,,,,0,0,False,526,List the name and price of the bike that is owned by both the cyclists named 'Bradley Wiggins' and the cyclist named 'Antonio Tauler'.,bike_racing,spider_test,True
False,False,False,False,,,,,0,0,False,527,List all payment ids and its corresponding invoice ids and details.,advertising_agencies,spider_test,True
False,False,False,False,,,,,0,0,False,528,"For completion year, return the year and the number of buildings completed.",region_building,spider_test,True
False,False,False,False,,,,,0,0,False,529,"What are the names of drivers, returned in alphbetical order?",vehicle_driver,spider_test,True
False,False,False,False,,,,,0,0,False,530,What are the different types of powertrains?,vehicle_rent,spider_test,True
False,False,False,False,,,,,0,0,False,531,Find the location of the plane that is owned by the youngest pilot.,pilot_1,spider_test,True
False,False,False,False,,,,,0,0,False,532,"What are the ids and flavors of cakes, ordered by flavor?",bakery_1,spider_test,True
False,False,False,False,,,,,0,0,False,533,"How many students have joined in the most common type of event? List the number, the event type and description.",cre_Students_Information_Systems,spider_test,True
False,False,False,False,,,,,0,0,False,534,Return the cities and provinces of institutions.,institution_sports,spider_test,True
False,False,False,False,,,,,0,0,False,535,Find the names of all pilots who have a plane named Piper Cub and is under 35.,pilot_1,spider_test,True
False,False,False,False,,,,,0,0,False,536,Find the name of the customer who has used the most types of services .,government_shift,spider_test,True
False,False,False,False,,,,,0,0,False,537,Count the number of differnt customers who have made an order.,customers_and_orders,spider_test,True
False,False,False,False,,,,,0,0,False,538,What are the ids for papers with titles containing 'translation'?,aan_1,spider_test,True
False,False,False,False,,,,,0,0,False,539,What is the description for staff role code HR?,cre_Doc_Workflow,spider_test,True
False,False,False,False,,,,,0,0,False,540,What are the average rhythm scores for the songs in each different language?,sing_contest,spider_test,True
False,False,False,False,,,,,0,0,False,541,Give the total max price corresponding to any properties owned by single mothers or students.,real_estate_rentals,spider_test,True
False,False,False,False,,,,,0,0,False,542,Show the vehicle name with a descending order of total hours of renting.,vehicle_rent,spider_test,True
False,False,False,False,,,,,0,0,False,543,"What are the titles, ISBNs, and sale prices for all books?",book_1,spider_test,True
False,False,False,False,,,,,0,0,False,544,"What are the ids, names, and prices of all products that are ordered most frequently?",e_commerce,spider_test,True
False,False,False,False,,,,,0,0,False,545,Find the headphone models whose price is below the average price.,headphone_store,spider_test,True
False,False,False,False,,,,,0,0,False,546,What are the names of clubs that do not have any players?,soccer_3,spider_test,True
False,False,False,False,,,,,0,0,False,547,Find the titles of movies that don’t have any rating.,movie_2,spider_test,True
False,False,False,False,,,,,0,0,False,548,What are the ids of customers who spend more than 5 on average for each good?,bakery_1,spider_test,True
False,False,False,False,,,,,0,0,False,549,Find the value of the most expensive boxes saved in each warehouse location.,warehouse_1,spider_test,True
False,False,False,False,,,,,0,0,False,550,How many customers are there?,restaurant_bills,spider_test,True
False,False,False,False,,,,,0,0,False,551,"Show all customer names, ids and the number of orders by each customer.",customers_and_orders,spider_test,True
False,False,False,False,,,,,0,0,False,552,Show the name of the country that has the greatest number of official languages.,country_language,spider_test,True
False,False,False,False,,,,,0,0,False,553,What are the maximum height and width of paintings for each year?,art_1,spider_test,True
False,True,False,False,,"[
    {
        ""title"": ""The Great Gatsby"",
        ""author"": ""F. Scott Fitzgerald""
    },
    {
        ""title"": ""War and Peace"",
        ""author"": ""Leo Tolstoy""
    }
]",,,0,1,False,554,What are the titles of books that have never been ordered?,book_1,spider_test,True
False,False,False,False,,,,,0,0,False,555,Give the state that has the most cities.,address_1,spider_test,True
False,False,False,False,,,,,0,0,False,556,Please show the least common assessment for students.,online_exams,spider_test,True
False,False,False,False,,,,,0,0,False,557,Find the id and name of the channel that is not directed by Hank Baskett.,bbc_channels,spider_test,True
False,False,False,False,,,,,0,0,False,558,How many different engines are used by drivers with age older than 30 or younger than 20?,car_road_race,spider_test,True
False,False,False,False,,,,,0,0,False,559,What is the name and age of the sailor with maximum age?,boat_1,spider_test,True
False,False,False,False,,,,,0,0,False,560,How many universities are in Illinois or Ohio?,university_rank,spider_test,True
False,False,False,False,,,,,0,0,False,561,Show the institution name and location of institution that is most recently founded.,conference,spider_test,True
False,False,False,False,,,,,0,0,False,562,Show meeting outcome codes and the number of meeting in each outcome.,advertising_agencies,spider_test,True
False,True,False,False,,"[
    {
        ""artist_name"": ""The Beatles"",
        ""total_albums"": 10
    },
    {
        ""artist_name"": ""Queen"",
        ""total_albums"": 8
    },
    {
        ""artist_name"": ""The Rolling Stones"",
        ""total_albums"": 7
    }
]",,,0,1,False,563,Give the full name of the artist who lived the longest.,art_1,spider_test,True
False,False,False,False,,,,,0,0,False,564,What are the states with more than 5 students?,address_1,spider_test,True
False,False,False,False,,,,,0,0,False,565,In what locations and on what mediums are the paintings created by the artist with the first name Pablo?,art_1,spider_test,True
False,False,False,False,,,,,0,0,False,566,What are the dates of every shipment in the database?,planet_1,spider_test,True
False,False,False,False,,,,,0,0,False,567,Which state has most number of cities?,address_1,spider_test,True
False,False,False,False,,,,,0,0,False,568,What is the distance between BAL and CHI?,address_1,spider_test,True
False,False,False,False,,,,,0,0,False,569,"Return the names of the different planes, as well as the names of the oldest pilots who flew each.",pilot_1,spider_test,True
False,False,False,False,,,,,0,0,False,570,How many papers cite paper with id A00-1002?,aan_1,spider_test,True
False,False,False,False,,,,,0,0,False,571,How many papers has each affiliation published?,aan_1,spider_test,True
False,False,False,False,,,,,0,0,False,572,List the names of members that are not club leaders.,club_leader,spider_test,True
False,False,False,False,,,,,0,0,False,573,How many items are shipped?,e_commerce,spider_test,True
False,False,False,False,,,,,0,0,False,574,Return the cheapest price for goods with cheese flavor.,bakery_1,spider_test,True
False,False,False,False,,,,,0,0,False,575,What is the maximum and average power for the vehicles manufactured by 'Zhuzhou'?,vehicle_driver,spider_test,True
False,False,False,False,,,,,0,0,False,576,In which cities are there any properties equipped with a swimming pool?,real_estate_rentals,spider_test,True
False,False,False,False,,,,,0,0,False,577,Count the number of authors of age below 30.,book_press,spider_test,True
False,False,False,False,,,,,0,0,False,578,What are the names and total rental hours for each vehicle?,vehicle_rent,spider_test,True
False,False,False,False,,,,,0,0,False,579,List the names of drivers that do not participate in any race.,car_road_race,spider_test,True
False,False,False,False,,,,,0,0,False,580,What are the ids of customers who have not made an order?,customers_and_orders,spider_test,True
False,False,False,False,,,,,0,0,False,581,Show the transmitters of radios and the station names of the channels they are associated with in descending order of the ERP of the radios.,tv_shows,spider_test,True
False,False,False,False,,,,,0,0,False,582,What is the payment method that most customers use?,e_commerce,spider_test,True
False,False,False,False,,,,,0,0,False,583,Show the official languages spoken by at least two countries.,country_language,spider_test,True
False,False,False,False,,,,,0,0,False,584,List the personal details and the address type descriptions of all the students.,cre_Students_Information_Systems,spider_test,True
False,False,False,False,,,,,0,0,False,585,What are the earnings of players from either of the countries of Australia or Zimbabwe?,soccer_3,spider_test,True
False,False,False,False,,,,,0,0,False,586,Find the name and age of the authors who do not have any book in the record.,book_press,spider_test,True
False,False,False,False,,,,,0,0,False,587,Give the titles of books authored by Plato that have a sale price lower than the average sale price across all books.,book_1,spider_test,True
False,False,False,False,,,,,0,0,False,588,List the names of teams that do not have any drivers.,car_racing,spider_test,True
False,False,False,False,,,,,0,0,False,589,How many packages sent by Ogden Wernstrom and received by Leo Wong?,planet_1,spider_test,True
False,False,False,False,,,,,0,0,False,590,How many students have gone through a detention?,cre_Students_Information_Systems,spider_test,True
False,False,False,False,,,,,0,0,False,591,What is the count of documents owned by Marlin?,cre_Doc_and_collections,spider_test,True
False,False,False,False,,,,,0,0,False,592,Show institution name which there is no staff in our record.,conference,spider_test,True
False,False,False,False,,,,,0,0,False,593,What are the total and average points of drivers?,car_racing,spider_test,True
False,False,False,False,,,,,0,0,False,594,What are the titles of games that are played by players from Oklahoma college or Auburn college?,video_game,spider_test,True
False,False,False,False,,,,,0,0,False,595,List the names of members whose nationality is not `` England '' .,club_leader,spider_test,True
True,False,False,False,"SELECT t1.type_of_powertrain, COUNT(*) AS total_vehicles
FROM Vehicles AS t1
JOIN Discount AS t2 ON t1.id = t2.discount_id
GROUP BY t1.type_of_powertrain
ORDER BY total_vehicles DESC
LIMIT 1;",,,,1,0,False,596,Which type of powertrain is most common?,vehicle_rent,spider_test,True
False,False,False,False,,,,,0,0,False,597,Give the country with the fewest number of cities.,address_1,spider_test,True
False,False,False,False,,,,,0,0,False,598,Return the location of the hangar in which F-14 Fighter is located.,pilot_1,spider_test,True
False,False,False,False,,,,,0,0,False,599,Show the number of students living in each country.,address_1,spider_test,True
False,False,False,False,,,,,0,0,False,600,Please show the names and ages of the drivers who participated in at least two races.,car_road_race,spider_test,True
False,False,False,False,,,,,0,0,False,601,Which countries and cities are included in addresses?,real_estate_rentals,spider_test,True
False,False,False,False,,,,,0,0,False,602,List the the address details and the biographical information of the students.,cre_Students_Information_Systems,spider_test,True
False,False,False,False,,,,,0,0,False,603,"What are the names of all affiliations, ordered by number of papers?",aan_1,spider_test,True
False,False,False,False,,,,,0,0,False,604,What is the number of employees that do not have clearance on Mars ?,planet_1,spider_test,True
False,False,False,False,,,,,0,0,False,605,Show all agency ids without any client.,advertising_agencies,spider_test,True
False,False,False,False,,,,,0,0,False,606,"Show names, codes, states, countries for all cities.",address_1,spider_test,True
False,False,False,False,,,,,0,0,False,607,What are the different plane names that contain the word Bomber?,pilot_1,spider_test,True
False,False,False,False,,,,,0,0,False,608,What are the names of all books and their corresponding authors?,book_1,spider_test,True
False,False,False,False,,,,,0,0,False,609,Find the titles and publish dates of the top 5 best sale books.,book_press,spider_test,True
False,False,False,False,,,,,0,0,False,610,"Which country has both drivers with make ""Dodge"" and drivers with make ""Chevrolet""?",car_racing,spider_test,True
False,False,False,False,,,,,0,0,False,611,What are the average prices of goods with blackberry or blueberry flavor?,bakery_1,spider_test,True
False,False,False,False,,,,,0,0,False,612,Find the average points and average ages of all spokesmen whose rank position is 1.,district_spokesman,spider_test,True
False,False,False,False,,,,,0,0,False,613,"List the last names of the students whose gender is not ""M"".",online_exams,spider_test,True
False,False,False,False,,,,,0,0,False,614,What are the distinct descriptions of all the detentions which have ever happened?,cre_Students_Information_Systems,spider_test,True
False,False,False,False,,,,,0,0,False,615,"What are the names and dates of the exams with subject code that is not ""Database""?",online_exams,spider_test,True
False,False,False,False,,,,,0,0,False,616,"Count the number of papers Mckeown , Kathleen has cited .",aan_1,spider_test,True
True,True,False,False,[thinking process],"[
    {
        ""student_first_name"": ""John"",
        ""student_last_name"": ""Doe""
    },
    {
        ""student_first_name"": ""Jane"",
        ""student_last_name"": ""Smith""
    }
]",,,1,1,False,617,Which students have 2 or more answer records? Give me their first names.,online_exams,spider_test,True
False,False,False,False,,,,,0,0,False,618,Find the average price for each headphone construction.,headphone_store,spider_test,True
False,False,False,False,,,,,0,0,False,619,What are the names and nicknames of institutions?,institution_sports,spider_test,True
False,False,False,False,,,,,0,0,False,620,"What are the meeting ids, meeting outcomes, meeting types, and client details for all meetings?",advertising_agencies,spider_test,True
False,False,False,False,,,,,0,0,False,621,What are the names od drivers who did not have the constructor Bugatti?,car_road_race,spider_test,True
False,False,False,False,,,,,0,0,False,622,What are the users making only one search? List both category and user id.,real_estate_rentals,spider_test,True
False,False,False,False,,,,,0,0,False,623,What are the names and locations of the universities that did not have any staff participating in any conferences in 2004?,conference,spider_test,True
False,False,False,False,,,,,0,0,False,624,How many cities are in Canada?,address_1,spider_test,True
False,False,False,False,,,,,0,0,False,625,"What is the customer address, customer phone, and customer email for Jeromy?",customers_and_orders,spider_test,True
False,False,False,False,,,,,0,0,False,626,"List the achievement type code, achievement details and the date of the achievements.",cre_Students_Information_Systems,spider_test,True
True,False,False,False,[SQL Query],,,,1,0,False,627,Which customers used the least commonly-used service ? Give me the distinct customer details .,government_shift,spider_test,True
False,False,False,False,,,,,0,0,False,628,Show the constructors that are used both by drivers with age lower than 20 and drivers with age over than 30.,car_road_race,spider_test,True
False,False,False,False,,,,,0,0,False,629,"What are the distinct venues for papers, ordered by year?",aan_1,spider_test,True
False,False,False,False,,,,,0,0,False,630,What are the ids of Cookie and Cake that cost between 3 and 7 dollars.,bakery_1,spider_test,True
False,False,False,False,,,,,0,0,False,631,Show all order ids and their client names.,book_1,spider_test,True
False,False,False,False,,,,,0,0,False,632,What are the names and ids of sailors who reserved red and blue boats?,boat_1,spider_test,True
False,False,False,False,,,,,0,0,False,633,"List subset id, name and number of different documents in each subset.",cre_Doc_and_collections,spider_test,True
False,False,False,False,,,,,0,0,False,634,"Show the minimum, average, maximum price for all products.",customers_and_orders,spider_test,True
False,False,False,False,,,,,0,0,False,635,In which country does the user with first name Robbie live?,real_estate_rentals,spider_test,True
False,False,False,False,,,,,0,0,False,636,How many different digital terrestrial channels are there?,bbc_channels,spider_test,True
False,False,False,False,,,,,0,0,False,637,Find the first name and last name of a customer who visited on the earliest date.,bakery_1,spider_test,True
False,False,False,False,,,,,0,0,False,638,Find the press whose yearly profit is more than 15 billion or whose monthly profit is more than 1 billion. Return the press names.,book_press,spider_test,True
False,False,False,False,,,,,0,0,False,639,What is the most uncommon order status?,e_commerce,spider_test,True
False,False,False,False,,,,,0,0,False,640,What is the name of the planet with the most shipments?,planet_1,spider_test,True
True,False,False,False,"SELECT Class, COUNT(*) AS Frequency
FROM headphone JOIN store ON headphone.Store_ID = store.Store_ID
GROUP BY Class
ORDER BY Frequency DESC
LIMIT 1;",,,,1,0,False,641,Which headphone class is the most common one?,headphone_store,spider_test,True
False,False,False,False,,,,,0,0,False,642,"What were the ids, dates, and status codes for orders made by Jeromy?",customers_and_orders,spider_test,True
True,True,True,True,"SELECT c.agency_id, COUNT(c.client_id) as num_clients
FROM Clients c
JOIN Invoices i ON c.client_id = i.client_id
GROUP BY c.agency_id
ORDER BY num_clients DESC
LIMIT 1","{
    ""sql"": ""SELECT c.agency_id, COUNT(c.client_id) as num_clients FROM Clients c JOIN Invoices i ON c.client_id = i.client_id GROUP BY c.agency_id ORDER BY num_clients DESC LIMIT 1""
}","{'sql': 'SELECT c.agency_id, COUNT(c.client_id) as num_clients FROM Clients c JOIN Invoices i ON c.client_id = i.client_id GROUP BY c.agency_id ORDER BY num_clients DESC LIMIT 1'}",,1,1,False,643,What is the agency id and details with most number of clients?,advertising_agencies,spider_test,True
False,False,False,False,,,,,0,0,False,644,List the average room count of the properties with gardens.,real_estate_rentals,spider_test,True
False,False,False,False,,,,,0,0,False,645,"What are the names of the official languages, sorted descending by the average overall scores across the countries that correspond to each?",country_language,spider_test,True
False,False,False,False,,,,,0,0,False,646,"List the customers' first name, middle initial, last name and payment methods.",e_commerce,spider_test,True
False,False,False,False,,,,,0,0,False,647,What is the total number of students enrolled in an university with a rank of 5 or below?,university_rank,spider_test,True
False,False,False,False,,,,,0,0,False,648,What is the name of university with major Accounting ranked 3 or above?,university_rank,spider_test,True
False,False,False,False,,,,,0,0,False,649,Count the number of planes flown by pilots older than 40.,pilot_1,spider_test,True
False,False,False,False,,,,,0,0,False,650,How many collections that are related to collection named Best?,cre_Doc_and_collections,spider_test,True
False,False,False,False,,,,,0,0,False,651,"For each content, what is the total value and number of boxes?",warehouse_1,spider_test,True
False,False,False,False,,,,,0,0,False,652,"What is the maximum, average, and minimum enrollment for all universities?",university_rank,spider_test,True
False,False,False,False,,,,,0,0,False,653,What is the average sale price of books written by George Orwell?,book_1,spider_test,True
False,False,False,False,,,,,0,0,False,654,What is the clearance level of a physician?,planet_1,spider_test,True
False,False,False,False,,,,,0,0,False,655,List the name of clubs in ascending alphabetical order.,soccer_3,spider_test,True
False,False,False,False,,,,,0,0,False,656,Which state has most number of students?,address_1,spider_test,True
False,False,False,False,,,,,0,0,False,657,List the first names of the students who do not have any answers.,online_exams,spider_test,True
False,False,False,False,,,,,0,0,False,658,What is the university name with highest research point?,university_rank,spider_test,True
False,False,False,False,,,,,0,0,False,659,Find the average and total values of all boxes.,warehouse_1,spider_test,True
False,False,False,False,,,,,0,0,False,660,What are the names of the sailors whose rating is larger than the rating of all sailors who booked a red boat?,boat_1,spider_test,True
False,False,False,False,,,,,0,0,False,661,Show each customer name and the total quantities of dishes ordered by that customer.,restaurant_bills,spider_test,True
False,False,False,False,,,,,0,0,False,662,Count the number of different provinces that have institutions.,institution_sports,spider_test,True
False,False,False,False,,,,,0,0,False,663,"What are the voice sound quality score, rhythm tempo score and stage presence score performed by the participant named 'Freeway'?",sing_contest,spider_test,True
False,False,False,False,,,,,0,0,False,664,What are the average and total values across all boxes?,warehouse_1,spider_test,True
False,False,False,False,,,,,0,0,False,665,List the biographical data and the date of the transcript of all the students.,cre_Students_Information_Systems,spider_test,True
False,False,False,False,,,,,0,0,False,666,Which authors have published more than 1 book according to the database? Give me their names.,book_press,spider_test,True
False,False,False,False,,,,,0,0,False,667,What are the different movie ratings?,movie_2,spider_test,True
False,False,False,False,,,,,0,0,False,668,Count the number of references the paper with id D12-1027 has.,aan_1,spider_test,True
False,False,False,False,,,,,0,0,False,669,Find the content that has the highest total values in all boxes.,warehouse_1,spider_test,True
False,False,False,False,,,,,0,0,False,670,What are the full names of customers who bought apple flavored Tarts?,bakery_1,spider_test,True
False,False,False,False,,,,,0,0,False,671,How many different neighborhoods are there for all stores?,headphone_store,spider_test,True
False,False,False,False,,,,,0,0,False,672,List the name of the country with the biggest score in politics.,country_language,spider_test,True
False,False,False,False,,,,,0,0,False,673,Find the name and internet web of the channel that is directed by the most directors.,bbc_channels,spider_test,True
False,False,False,False,,,,,0,0,False,674,"What are all the city names for cities in the USA, ordered by latitude?",address_1,spider_test,True
False,False,False,False,,,,,0,0,False,675,What is the id and flavor of the cheapest cookie?,bakery_1,spider_test,True
False,False,False,False,,,,,0,0,False,676,How are all the achievements described? List the achievement detail and the type description.,cre_Students_Information_Systems,spider_test,True
False,False,False,False,,,,,0,0,False,677,Find the number of distinct types of contents in each warehouse.,warehouse_1,spider_test,True
False,False,False,False,,,,,0,0,False,678,Find the average and total capacity of all warehouses.,warehouse_1,spider_test,True
False,False,False,False,,,,,0,0,False,679,"What are the first names of all artists who have at least two paintings, and how many works did each create?",art_1,spider_test,True
False,False,False,False,,,,,0,0,False,680,What is id about sailors who do not have boat reservations?,boat_1,spider_test,True
False,False,False,False,,,,,0,0,False,681,"What is the name of the author who has co-authored the most papers with Mckeown , Kathleen ?",aan_1,spider_test,True
False,False,False,False,,,,,0,0,False,682,What are the vehicle ids and models of the vehicle which have been driven by two drivers or been manufactured by 'Ziyang'.,vehicle_driver,spider_test,True
False,False,False,False,,,,,0,0,False,683,How many drivers use each constructor?,car_road_race,spider_test,True
True,True,False,False,[SQL Query],"[
    {
        ""discount_name"": ""Discount 1"",
        ""count"": 30
    },
    {
        ""discount_name"": ""Discount 2"",
        ""count"": 20
    }
]",,,1,1,False,684,What is the discount name with most number of renting history records?,vehicle_rent,spider_test,True
False,False,False,False,,,,,0,0,False,685,Find the name of stores which have no headphone in stock.,headphone_store,spider_test,True
False,False,False,False,,,,,0,0,False,686,List the date of the transcripts and the transcript details.,cre_Students_Information_Systems,spider_test,True
False,False,False,False,,,,,0,0,False,687,List the distinct subject code of exams in ascending alphabetical order .,online_exams,spider_test,True
False,False,False,False,,,,,0,0,False,688,When was the earliest date of loan?,cre_Students_Information_Systems,spider_test,True
False,False,False,False,,,,,0,0,False,689,What are the contents of package sent by John Zoidfarb?,planet_1,spider_test,True
False,False,False,False,,,,,0,0,False,690,What are all payment ids and payment details for invoices with status Working?,advertising_agencies,spider_test,True
False,False,False,False,,,,,0,0,False,691,"List the id, first name and last name of the customers who both have placed more than 2 orders and have bought at least 3 items.",e_commerce,spider_test,True
False,False,False,False,,,,,0,0,False,692,"What are the ids, flavors, and food types of goods, ordered by price?",bakery_1,spider_test,True
False,False,False,False,,,,,0,0,False,693,Find all receipts in which either apple flavor pie was bought or customer id 12 shopped.,bakery_1,spider_test,True
False,False,False,False,,,,,0,0,False,694,What are sale prices of books written by Plato?,book_1,spider_test,True
False,False,False,False,,,,,0,0,False,695,What are the first and last name of the artist who had a sculpture work whose title has the word “female” in it?,art_1,spider_test,True
False,False,False,False,,,,,0,0,False,696,What are the package numbers and weights that are between 10 and 30?,planet_1,spider_test,True
False,False,False,False,,,,,0,0,False,697,What is the name of the theater playing the most movies?,movie_2,spider_test,True
False,False,False,False,,,,,0,0,False,698,Find the titles of papers that have more than 50 citations.,aan_1,spider_test,True
False,False,False,False,,,,,0,0,False,699,What are the names and points of spokesmen who are younger than 40?,district_spokesman,spider_test,True
False,True,False,False,,"[
    {
        ""ReceiptNumber"": 1234567890,
        ""Item"": ""Chocolate"",
        ""Count"": 1
    },
    {
        ""ReceiptNumber"": 1234567891,
        ""Item"": ""Vanilla"",
        ""Count"": 1
    }
]",,,0,1,False,700,Which item was bought the fewest times?,bakery_1,spider_test,True
False,False,False,False,,,,,0,0,False,701,What search strings were entered by users who do not own any properties?,real_estate_rentals,spider_test,True
False,False,False,False,,,,,0,0,False,702,List the product names and weights of the bikes in ascending order of price.,bike_racing,spider_test,True
False,False,False,False,,,,,0,0,False,703,"What is the number of child documents for each parent document, and what are the ids of the parent documents?",cre_Doc_and_collections,spider_test,True
False,False,False,False,,,,,0,0,False,704,Count the number of different engines used by drivers who had an age either over 30 or under 20.,car_road_race,spider_test,True
False,False,False,False,,,,,0,0,False,705,Which locations have paintings created before 1885 or after 1930?,art_1,spider_test,True
False,False,False,False,,,,,0,0,False,706,Give the states or provinces corresponding to each property.,real_estate_rentals,spider_test,True
False,False,False,False,,,,,0,0,False,707,How much total loan does each student have ? List the student ids and the amounts .,cre_Students_Information_Systems,spider_test,True
False,False,False,False,,,,,0,0,False,708,What are the ids and details of the staff who have attended at least 1 meetings and have the detail with letter 's'?,advertising_agencies,spider_test,True
False,False,False,False,,,,,0,0,False,709,Return the average age for customers who have membership above the average across all customers.,vehicle_rent,spider_test,True
False,False,False,False,,,,,0,0,False,710,What are the product price and the product size of the products whose price is above average?,e_commerce,spider_test,True
False,False,False,False,,,,,0,0,False,711,How many boats are red?,boat_1,spider_test,True
False,False,False,False,,,,,0,0,False,712,Select the title of all movies.,movie_2,spider_test,True
False,False,False,False,,,,,0,0,False,713,How many customers have ordered the product named Monitor?,customers_and_orders,spider_test,True
False,False,False,False,,,,,0,0,False,714,Give me a list of names and years of paintings that were created by the artist whose first name is Mary.,art_1,spider_test,True
False,False,False,False,,,,,0,0,False,715,"What are the names, cities, and states of all universities in alphabetical order (by name of the university).",university_rank,spider_test,True
False,False,False,False,,,,,0,0,False,716,Which earpads never use plastic construction?,headphone_store,spider_test,True
False,False,False,False,,,,,0,0,False,717,Find the name of the directors whose age is between 30 and 60.,bbc_channels,spider_test,True
False,False,False,False,,,,,0,0,False,718,List the driver makes that are associated with at least three drivers.,car_racing,spider_test,True
False,False,False,False,,,,,0,0,False,719,Show me the city code of two cities with maximum distance.,address_1,spider_test,True
False,False,False,False,,,,,0,0,False,720,"Among the buildings not completed in 1980, what is the maximum number of stories?",region_building,spider_test,True
False,False,False,False,,,,,0,0,False,721,What are the names of pilots who have either the Piper Cub or the F-14 Fighter?,pilot_1,spider_test,True
False,False,False,False,,,,,0,0,False,722,What are the names and market districts of all platforms?,video_game,spider_test,True
False,False,False,False,,,,,0,0,False,723,What are the locations that have works painted before 1885 and after 1930?,art_1,spider_test,True
False,False,False,False,,,,,0,0,False,724,"What is the order that total cost the least , and how much is the total cost ?",e_commerce,spider_test,True
False,False,False,False,,,,,0,0,False,725,Find flavor of cakes that cost more than 10 dollars.,bakery_1,spider_test,True
False,False,False,False,,,,,0,0,False,726,Find the nationality and card credit of each customer.,restaurant_bills,spider_test,True
False,False,False,False,,,,,0,0,False,727,Which book series contain both books with sale amount above 1000 and books with sale amount below 500?,book_press,spider_test,True
False,False,False,False,,,,,0,0,False,728,Show all book isbns and the total amount ordered for each.,book_1,spider_test,True
False,False,False,False,,,,,0,0,False,729,Which 3 affiliations had the most papers in 2009?,aan_1,spider_test,True
False,False,False,False,,,,,0,0,False,730,"List the address, town and county information of the customers who live in the USA.",e_commerce,spider_test,True
False,False,False,False,,,,,0,0,False,731,What are the names of races in which drivers 26 or older took part?,car_road_race,spider_test,True
False,False,False,False,,,,,0,0,False,732,"Return the invoice ids, statuses, and details for invoices with the most payments?",advertising_agencies,spider_test,True
False,False,False,False,,,,,0,0,False,733,Find the total number of boats.,boat_1,spider_test,True
False,False,False,False,,,,,0,0,False,734,What are the titles of all paintings and sculpture works made by the artist whose id is 222?,art_1,spider_test,True
False,False,False,False,,,,,0,0,False,735,How many bikes does each cyclist own? Order by cyclist id.,bike_racing,spider_test,True
False,False,False,False,,,,,0,0,False,736,What are the names of all universities in ascending order of reputation points?,university_rank,spider_test,True
False,False,False,False,,,,,0,0,False,737,What are the unique first names of the artists who had medium oil paintings located in gallery 241?,art_1,spider_test,True
False,False,False,False,,,,,0,0,False,738,What are the average height and width of paintings that are oil medium in the place of gallery 241?,art_1,spider_test,True
False,False,False,False,,,,,0,0,False,739,What are the student ids for female students in the state of PA?,address_1,spider_test,True
False,False,False,False,,,,,0,0,False,740,What is the total value of boxes located in Chicago or New York?,warehouse_1,spider_test,True
False,False,False,False,,,,,0,0,False,741,Which car models have total production larger than 100 or top speed higher than 150?,vehicle_driver,spider_test,True
False,False,False,False,,,,,0,0,False,742,Show all city names and the average distance to all other cities.,address_1,spider_test,True
False,False,False,False,,,,,0,0,False,743,What are the maximum and minimum voice sound quality score of the performances?,sing_contest,spider_test,True
False,False,False,False,,,,,0,0,False,744,List the name of all collections.,cre_Doc_and_collections,spider_test,True
False,False,False,False,,,,,0,0,False,745,Return the description of the feature 'rooftop'.,real_estate_rentals,spider_test,True
False,False,False,False,,,,,0,0,False,746,Count the number of papers Columbia University had during or prior to 2009 .,aan_1,spider_test,True
False,False,False,False,,,,,0,0,False,747,Find the name of the publisher whose monthly profit is the highest.,book_press,spider_test,True
False,False,False,False,,,,,0,0,False,748,What is the name of the city furthest to Boston?,address_1,spider_test,True
False,False,False,False,,,,,0,0,False,749,What are the date and detail of each transcript?,cre_Students_Information_Systems,spider_test,True
False,False,False,False,,,,,0,0,False,750,"What are the addresses, towns, and county information for all customers who live in the United States?",e_commerce,spider_test,True
False,False,False,False,,,,,0,0,False,751,"For all the products sold for more than 3 times, list their id and description.",e_commerce,spider_test,True
False,False,False,False,,,,,0,0,False,752,Show the completed years of buildings in descending order of the number of stories.,region_building,spider_test,True
False,False,False,False,,,,,0,0,False,753,Show all information for all discounts.,vehicle_rent,spider_test,True
False,False,False,False,,,,,0,0,False,754,Count the number of customers.,restaurant_bills,spider_test,True
False,False,False,False,,,,,0,0,False,755,Which document has between 2 and 4 number of documents ? List the document id and the number of related documents .,cre_Doc_and_collections,spider_test,True
False,False,False,False,,,,,0,0,False,756,How many boxes are there with each warehouse ?,warehouse_1,spider_test,True
False,False,False,False,,,,,0,0,False,757,Find the id of the papers whose title has the key word 'translation'.,aan_1,spider_test,True
False,False,False,False,,,,,0,0,False,758,Which teacher teaches the most courses? Give me the id of the teacher and the number of courses he or she teaches.,cre_Students_Information_Systems,spider_test,True
False,False,False,False,,,,,0,0,False,759,What are the different subset names of all documents owned by Braeden?,cre_Doc_and_collections,spider_test,True
False,False,False,False,,,,,0,0,False,760,How many cusomters visited on each date?,bakery_1,spider_test,True
False,False,False,False,,,,,0,0,False,761,What is the first name of the artist who has the highest number of sculptures?,art_1,spider_test,True
False,False,False,False,,,,,0,0,False,762,"How many songs contain ""Love"" in their names?",sing_contest,spider_test,True
False,False,False,False,,,,,0,0,False,763,Show the names of customers and names of dishes they order.,restaurant_bills,spider_test,True
False,False,False,False,,,,,0,0,False,764,Return the name of the player who earns the most money.,soccer_3,spider_test,True
False,False,False,False,,,,,0,0,False,765,What are the shipment IDs of every delivery managed by Phillip J Fry?,planet_1,spider_test,True
False,False,False,False,,,,,0,0,False,766,List the details of all the customers who are associated with a failed integration platform .,government_shift,spider_test,True
False,False,False,False,,,,,0,0,False,767,What are the zip codes of properties which do not belong to users who own at most 2 properties?,real_estate_rentals,spider_test,True
False,False,False,False,,,,,0,0,False,768,What are the collection descriptions that are named as 'Best'?,cre_Doc_and_collections,spider_test,True
False,False,False,False,,,,,0,0,False,769,Find the name and nationality of the people who did not participate in any ACL conference.,conference,spider_test,True
False,False,False,False,,,,,0,0,False,770,What is the status code of the items being ordered and shipped and its corresponding shipment tracking number?,e_commerce,spider_test,True
False,False,False,False,,,,,0,0,False,771,Find the name and id of Sailors (sid) that reserved red or blue boat.,boat_1,spider_test,True
False,False,False,False,,,,,0,0,False,772,Return the names and ids of all platforms with the download rank of 1.,video_game,spider_test,True
False,False,False,False,,,,,0,0,False,773,What is the name of the sailors who reserved boat with id 103?,boat_1,spider_test,True
True,False,False,False,[SQL Query],,,,1,0,False,774,Which service ( s ) has never been used by any customer ? List their details .,government_shift,spider_test,True
False,False,False,False,,,,,0,0,False,775,What is the maximum and minimum age of all staff from the United States?,conference,spider_test,True
False,False,False,False,,,,,0,0,False,776,How many orders has each gender placed?,e_commerce,spider_test,True
False,False,False,False,,,,,0,0,False,777,"What are the names of pilots, ordered by age descending?",pilot_1,spider_test,True
False,False,False,False,,,,,0,0,False,778,What is the title and location of the oldest painting ?,art_1,spider_test,True
False,False,False,False,,,,,0,0,False,779,"Which headphone classes have both headphones with ""Bowls"" and headphones with ""Comfort Pads"" earpads?",headphone_store,spider_test,True
False,False,False,False,,,,,0,0,False,780,Show all payment ids and details for invoices whose status is 'Working'.,advertising_agencies,spider_test,True
False,False,False,False,,,,,0,0,False,781,Find the name and website link of the channels that have more than one program.,bbc_channels,spider_test,True
False,False,False,False,,,,,0,0,False,782,Count the number of games.,video_game,spider_test,True
False,False,False,False,,,,,0,0,False,783,How many conferences are there?,conference,spider_test,True
False,False,False,False,,,,,0,0,False,784,Find the name of the movie that is on in both Odeon and Imperial theaters.,movie_2,spider_test,True
False,False,False,False,,,,,0,0,False,785,Give me the detention start date for all the detention records.,cre_Students_Information_Systems,spider_test,True
False,False,False,False,,,,,0,0,False,786,Find the ids of goods that have apple flavor.,bakery_1,spider_test,True
False,False,False,False,,,,,0,0,False,787,Show all book titles and corresponding author names.,book_1,spider_test,True
False,False,False,False,,,,,0,0,False,788,Count the number of goods for each food type.,bakery_1,spider_test,True
False,False,False,False,,,,,0,0,False,789,Show all meeting outcomes and purposes.,advertising_agencies,spider_test,True
True,True,False,False,[SQL Query],"[
    {
        ""id"": 1,
        ""max_vehicles_driven"": 50,
        ""driver_id"": 234
    },
    {
        ""id"": 2,
        ""max_vehicles_driven"": 60,
        ""driver_id"": 789
    }
]",,,1,1,False,790,"What is the id of the driver who has driven the most vehicles, and how many vehicles is this?",vehicle_driver,spider_test,True
False,False,False,False,,,,,0,0,False,791,What are the maximum and minimum points of drivers.,car_racing,spider_test,True
False,False,False,False,,,,,0,0,False,792,"List the name of clubs whose manufacturer is not ""Nike""",soccer_3,spider_test,True
False,False,False,False,,,,,0,0,False,793,What are the home conferences that have an average university enrollment above 2000?,university_rank,spider_test,True
False,False,False,False,,,,,0,0,False,794,How many reference papers does paper with id D12-1027 have?,aan_1,spider_test,True
False,False,False,False,,,,,0,0,False,795,Show me the city code of two cities with a distance greater than the average.,address_1,spider_test,True
False,False,False,False,,,,,0,0,False,796,How many papers do we have in NAACL 2000?,aan_1,spider_test,True
False,False,False,False,,,,,0,0,False,797,Which plane does the pilot Jones with age 32 has?,pilot_1,spider_test,True
False,False,False,False,,,,,0,0,False,798,How many headphones are stored in the Woodman store?,headphone_store,spider_test,True
False,False,False,False,,,,,0,0,False,799,What are the names and colors of all products that have been shipped?,e_commerce,spider_test,True
False,False,False,False,,,,,0,0,False,800,What are the first and last names of all distinct artists who made sculptures before 1900?,art_1,spider_test,True
False,False,False,False,,,,,0,0,False,801,What is the rating of the book with the largest number of chapters?,book_review,spider_test,True
False,False,False,False,,,,,0,0,False,802,Select the name of all movie theaters that are not currently showing a movie.,movie_2,spider_test,True
False,False,False,False,,,,,0,0,False,803,"Return the model and build year of cars that include ""DJ"" in their model names.",vehicle_driver,spider_test,True
False,False,False,False,,,,,0,0,False,804,Show the detention start time and end time of the detentions.,cre_Students_Information_Systems,spider_test,True
False,False,False,False,,,,,0,0,False,805,Show the types of questions that have at least three questions.,online_exams,spider_test,True
False,False,False,False,,,,,0,0,False,806,Find the id of Sailors (sid) that reserved red and blue boat.,boat_1,spider_test,True
False,False,False,False,,,,,0,0,False,807,Select all distinct contents in all the boxes.,warehouse_1,spider_test,True
False,False,False,False,,,,,0,0,False,808,What is the most common student address type? Give me the code and description of the address type.,cre_Students_Information_Systems,spider_test,True
False,False,False,False,,,,,0,0,False,809,What are the ids of all boats that are reserved by someone?,boat_1,spider_test,True
False,False,False,False,,,,,0,0,False,810,what is the name and id of every sailor who has a rating greater than 2 and reserved a boat.,boat_1,spider_test,True
False,False,False,False,,,,,0,0,False,811,What is the rating of the movie what has a name including a word like 'Citizen'?,movie_2,spider_test,True
False,False,False,False,,,,,0,0,False,812,How many documents does has the author Era Kerluke written?,cre_Doc_Workflow,spider_test,True
True,False,False,False,"SELECT COUNT(DISTINCT T2.client_id) AS num_clients_per_sic_code
FROM Clients AS T1
JOIN Invoices AS T2 ON T1.client_id = T2.client_id
GROUP BY T1.sic_code
HAVING COUNT(T2.client_id) > 0",,,,1,0,False,813,How many clients are there for each sic code?,advertising_agencies,spider_test,True
False,False,False,False,,,,,0,0,False,814,"Show ids, status codes, and details for all invoices for clients.",advertising_agencies,spider_test,True
False,False,False,False,,,,,0,0,False,815,Find the name and age of the oldest sailor.,boat_1,spider_test,True
False,False,False,False,,,,,0,0,False,816,Who is the author of the document with id 4?,cre_Doc_Workflow,spider_test,True
False,False,False,False,,,,,0,0,False,817,How many pilots who are older than 40?,pilot_1,spider_test,True
False,True,False,False,,"[
    {
        ""sql"": ""SELECT p.id FROM paintings AS p JOIN paintings_heights AS ph ON p.id = ph.painting_id WHERE p.created_at > ? ORDER BY ph.height DESC LIMIT ?"",
        ""result"": [
            {""id"": 123456789},
            {""id"": 123456789}
        ]
    }
]",,,0,1,False,818,What are the ids of the paintings whose height is longer than the height of all paintings created after 1900?,art_1,spider_test,True
False,False,False,False,,,,,0,0,False,819,Find the code and contents of the box with the lowest value.,warehouse_1,spider_test,True
False,False,False,False,,,,,0,0,False,820,What is the payment method and customer number for customer named Jeromy?,customers_and_orders,spider_test,True
False,False,False,False,,,,,0,0,False,821,"What are the ids of users who have only made one search, and what are their category codes?",real_estate_rentals,spider_test,True
False,False,False,False,,,,,0,0,False,822,"Which customers have integration platform details ""Fail"" in interactions? Give me the customer details.",government_shift,spider_test,True
False,False,False,False,,,,,0,0,False,823,Show all the different invoice ids and statuses of the payments,advertising_agencies,spider_test,True
False,False,False,False,,,,,0,0,False,824,Which customer has used the most types of services ? Give me the customer details .,government_shift,spider_test,True
False,False,False,False,,,,,0,0,False,825,Find the number of planes for each type.,pilot_1,spider_test,True
False,False,False,False,,,,,0,0,False,826,What are the names of  paintings and scupltures created between 1900 and 1950?,art_1,spider_test,True
False,False,False,False,,,,,0,0,False,827,What are the models which have not been driven by any drivers?,vehicle_driver,spider_test,True
False,False,False,False,,,,,0,0,False,828,What is the most common type of engine?,car_road_race,spider_test,True
False,False,False,False,,,,,0,0,False,829,"How many orders do we have for ""Pride and Prejudice""?",book_1,spider_test,True
False,False,False,False,,,,,0,0,False,830,which states do have more than two universities with enrollment smaller than 3000?,university_rank,spider_test,True
False,False,False,False,,,,,0,0,False,831,What are the names and coordinates of all planets in alphabetical order by name?,planet_1,spider_test,True
True,True,False,False,"SELECT p.product_name FROM Products p JOIN (
    SELECT product_id, MAX(product_price) AS max_price
    FROM Products
    GROUP BY product_id
) m ON p.product_id = m.product_id
WHERE p.product_type_code = 'Clothes'","[
    {
        ""product_name"": ""Jeans""
    },
    {
        ""product_name"": ""Sweatpants""
    }
]",,,1,1,False,832,What is the name of the most expensive product with type Clothes?,customers_and_orders,spider_test,True
False,False,False,False,,,,,0,0,False,833,List Package Number of all package sent by Leo Wong?,planet_1,spider_test,True
False,False,False,False,,,,,0,0,False,834,What is the model of the vehicle with maximum top speed whose power is higher than 6000?,vehicle_driver,spider_test,True
False,False,False,False,,,,,0,0,False,835,How many races are there?,car_road_race,spider_test,True
False,False,False,False,,,,,0,0,False,836,What is the name of the oldest pilot?,pilot_1,spider_test,True
False,False,False,False,,,,,0,0,False,837,What are the ids of the documents that are not parent documents?,cre_Doc_and_collections,spider_test,True
False,False,False,False,,,,,0,0,False,838,What are the titles and paper ids for papers written by Mckeown?,aan_1,spider_test,True
False,False,False,False,,,,,0,0,False,839,Show the names of members whose age is either 19 or 20.,club_leader,spider_test,True
False,False,False,False,,,,,0,0,False,840,Find the receipt numbers where both Cake and Cookie were bought.,bakery_1,spider_test,True
False,False,False,False,,,,,0,0,False,841,When did all the detentions start?,cre_Students_Information_Systems,spider_test,True
False,False,False,False,,,,,0,0,False,842,List the names and ages of all sailors sorted by rating in descending order.,boat_1,spider_test,True
False,False,False,False,,,,,0,0,False,843,Give me the ids of Cakes whose price is at least as much as the average price of Tart?,bakery_1,spider_test,True
False,False,False,False,,,,,0,0,False,844,What are all the order status and all the dates of orders?,e_commerce,spider_test,True
False,False,False,False,,,,,0,0,False,845,List the ids of all paintings that are taller than the longest painting created after 1900.,art_1,spider_test,True
False,False,False,False,,,,,0,0,False,846,Find the countries where no driver come from.,car_racing,spider_test,True
False,False,False,False,,,,,0,0,False,847,Give the last names of customers who have been to the bakery more than 10 times?,bakery_1,spider_test,True
False,False,False,False,,,,,0,0,False,848,"What is the average age of drivers from countries with official native language ""English""",car_racing,spider_test,True
False,False,False,False,,,,,0,0,False,849,What are the titles of paintings that are created after 1910 and whose medium is oil?,art_1,spider_test,True
False,False,False,False,,,,,0,0,False,850,"Return the different constructors of drivers, ordered by age ascending.",car_road_race,spider_test,True
False,False,False,False,,,,,0,0,False,851,What is the average price for products with type Clothes?,customers_and_orders,spider_test,True
False,False,False,False,,,,,0,0,False,852,"Which winning drivers of races had pole position that is not ""Junior Strous""?",car_road_race,spider_test,True
False,False,False,False,,,,,0,0,False,853,Find the customer with the highest membership level and return his or her card credit.,restaurant_bills,spider_test,True
False,False,False,False,,,,,0,0,False,854,Count the number of authors.,aan_1,spider_test,True
False,False,False,False,,,,,0,0,False,855,"Show different nationalities of customers, along with the number of customers of each nationality.",restaurant_bills,spider_test,True
False,False,False,False,,,,,0,0,False,856,"What are the nicknames of institutions, ordered descending by their capacities?",institution_sports,spider_test,True
False,False,False,False,,,,,0,0,False,857,Give the name of the client who has made the most orders.,book_1,spider_test,True
False,False,False,False,,,,,0,0,False,858,Find the distinct titles of all the paintings that have a longer height than some painting on canvas?,art_1,spider_test,True
False,False,False,False,,,,,0,0,False,859,What are the names of players who do not play any games?,video_game,spider_test,True
False,False,False,False,,,,,0,0,False,860,Find the average and maximum value for each different content.,warehouse_1,spider_test,True
False,False,False,False,,,,,0,0,False,861,How many movies had a 'G' rating?,movie_2,spider_test,True
False,False,False,False,,,,,0,0,False,862,Find the details of the customer who has never used any services .,government_shift,spider_test,True
False,False,False,False,,,,,0,0,False,863,What are the client details for each client and the corresponding details of their agencies?,advertising_agencies,spider_test,True
False,False,False,False,,,,,0,0,False,864,"What are the different hangar locations and how many pilots correspond to each. Also, what are their average ages?",pilot_1,spider_test,True
False,False,False,False,,,,,0,0,False,865,How many students live in each city?,address_1,spider_test,True
False,False,False,False,,,,,0,0,False,866,How many stores are there in each neighborhood?,headphone_store,spider_test,True
False,False,False,False,,,,,0,0,False,867,Show names for all USA city ordered by latitude.,address_1,spider_test,True
False,False,False,False,,,,,0,0,False,868,Which spokesman has lower points than the average?,district_spokesman,spider_test,True
False,False,False,False,,,,,0,0,False,869,"Find the title, author name, and publisher name for the top 3 best sales books.",book_press,spider_test,True
False,False,False,False,,,,,0,0,False,870,What is the venue with the least number of publications?,aan_1,spider_test,True
False,False,False,False,,,,,0,0,False,871,Count the number of affiliations.,aan_1,spider_test,True
False,False,False,False,,,,,0,0,False,872,What are the names and codes for all majors ordered by their code?,university_rank,spider_test,True
False,False,False,False,,,,,0,0,False,873,Count the number of papers in NAACL 2000.,aan_1,spider_test,True
False,False,False,False,,,,,0,0,False,874,Show the names of club leaders and the names of clubs they joined.,club_leader,spider_test,True
False,False,False,False,,,,,0,0,False,875,How many students live in China?,address_1,spider_test,True
False,False,False,False,,,,,0,0,False,876,List all book titles in the order of their release date from the most recent to the past.,book_press,spider_test,True
False,False,False,False,,,,,0,0,False,877,"What are the minimum, average, and maximum prices across all products?",customers_and_orders,spider_test,True
False,False,False,False,,,,,0,0,False,878,What are the names of clients who have never made an order?,book_1,spider_test,True
False,False,False,False,,,,,0,0,False,879,"What are the first, middle and last names of users who own the property they live in?",real_estate_rentals,spider_test,True
False,False,False,False,,,,,0,0,False,880,What is the unique description of every parent document?,cre_Doc_and_collections,spider_test,True
False,False,False,False,,,,,0,0,False,881,In what year was the artist who created a painting in 1884 born?,art_1,spider_test,True
False,False,False,False,,,,,0,0,False,882,Which regions have more than one building? Give me the names of the regions.,region_building,spider_test,True
False,False,False,False,,,,,0,0,False,883,What are the isbns of books ordered by both clients named Peter Doe and James Smith?,book_1,spider_test,True
False,False,False,False,,,,,0,0,False,884,Show different manufacturers and the number of clubs they are associated with.,soccer_3,spider_test,True
True,False,False,False,"[
    {
        ""table"": ""Employee"",
        ""query"": ""SELECT Position FROM Employee WHERE Name = 'Amy Wong'""
    }
]",,,,1,0,False,885,What is the position of Amy Wong?,planet_1,spider_test,True
False,False,False,False,,,,,0,0,False,886,Show the official languages sorted in descending order by the average overall scores among countries speaking them.,country_language,spider_test,True
False,False,False,False,,,,,0,0,False,887,What are the average rating and max age of all sailors?,boat_1,spider_test,True
False,False,False,False,,,,,0,0,False,888,What is the three most popular goods in this bakery?,bakery_1,spider_test,True
False,False,False,False,,,,,0,0,False,889,Find the highest and lowest points of drivers.,car_racing,spider_test,True
False,False,False,False,,,,,0,0,False,890,What are the names of clubs who do not have the manufacturer Nike?,soccer_3,spider_test,True
False,False,False,False,,,,,0,0,False,891,Give the names of pilots who have planes in Austin and Boston.,pilot_1,spider_test,True
False,False,False,False,,,,,0,0,False,892,How many countries do we have?,address_1,spider_test,True
False,False,False,False,,,,,0,0,False,893,What is the first and last name of each distinct artists who made a sculpture before 1900?,art_1,spider_test,True
True,True,False,False,[thinking process],"[
    {
        ""author_name"": ""John Doe"",
        ""gender"": ""Male"",
        ""books_written"": 10
    },
    {
        ""author_name"": ""Jane Smith"",
        ""gender"": ""Female"",
        ""books_written"": 8
    }
]",,,1,1,False,894,Who wrote the largest number of books? Give me the author name and gender.,book_press,spider_test,True
False,False,False,False,,,,,0,0,False,895,Which country has produced both players with earnings over 1400000 and players with earnings below 1100000?,soccer_3,spider_test,True
False,False,False,False,,,,,0,0,False,896,Return a list of the id and flavor for Cakes ordered by flavor.,bakery_1,spider_test,True
False,False,False,False,,,,,0,0,False,897,Give the flavors of Cakes that are not available for Tart.,bakery_1,spider_test,True
False,False,False,False,,,,,0,0,False,898,Return the zip codes for properties not belonging to users who own two or fewer properties.,real_estate_rentals,spider_test,True
False,False,False,False,,,,,0,0,False,899,What is the title of the book with the highest rank in the review?,book_review,spider_test,True
False,False,False,False,,,,,0,0,False,900,What are the names of all players in alphabetical order?,video_game,spider_test,True
False,False,False,False,,,,,0,0,False,901,"Which authors have never published under the ""Accor"" press? Give me their names.",book_press,spider_test,True
False,True,False,False,,"[
    {
        ""movie_name"": ""The Shawshank Redemption"",
        ""count"": 34
    },
    {
        ""movie_name"": ""The Godfather"",
        ""count"": 33
    },
    {
        ""movie_name"": ""The Dark Knight"",
        ""count"": 32
    }
]",,,0,1,False,902,Find the name of the movie that is played in the most number of theaters.,movie_2,spider_test,True
False,False,False,False,,,,,0,0,False,903,Show the provinces that have both institutions founded before 1920 and institutions founded after 1950.,institution_sports,spider_test,True
False,False,False,False,,,,,0,0,False,904,What are the feature name and description of the most commonly seen feature across properties?,real_estate_rentals,spider_test,True
False,False,False,False,,,,,0,0,False,905,Give me the capitals of the regions whose area is larger than 10000.,region_building,spider_test,True
False,False,False,False,,,,,0,0,False,906,Show all order status and the number of orders in each status.,customers_and_orders,spider_test,True
False,False,False,False,,,,,0,0,False,907,What are the names of drivers except for those who had the pole position James Hinchcliffe?,car_road_race,spider_test,True
False,False,False,False,,,,,0,0,False,908,List the client ids and the number of meeting for each client.,advertising_agencies,spider_test,True
False,False,False,False,,,,,0,0,False,909,What are the name and result of the cyclists not from 'Russia' ?,bike_racing,spider_test,True
False,False,False,False,,,,,0,0,False,910,What is highest rating between sailors?,boat_1,spider_test,True
False,False,False,False,,,,,0,0,False,911,How many meetings are there for each meeting type?,advertising_agencies,spider_test,True
False,False,False,False,,,,,0,0,False,912,Show all states and number of cities in each state.,address_1,spider_test,True
False,False,False,False,,,,,0,0,False,913,List the names of regions in alphabetical order.,region_building,spider_test,True
False,False,False,False,,,,,0,0,False,914,Find the top 3 artists who have the biggest number of painting works whose medium is oil?,art_1,spider_test,True
False,False,False,False,,,,,0,0,False,915,What is the total capacity of all warehouses?,warehouse_1,spider_test,True
False,False,False,False,,,,,0,0,False,916,"What are the collection subset ids, names, and number of collections for each subset?",cre_Doc_and_collections,spider_test,True
False,False,False,False,,,,,0,0,False,917,"Of players who have more than 2 wins, what is the country of the player who makes the most?",soccer_3,spider_test,True
False,False,False,False,,,,,0,0,False,918,"Give me a list of store names, sorted by store open date.",headphone_store,spider_test,True
False,False,False,False,,,,,0,0,False,919,What is the parent document of document owned by Marlin? List the document id.,cre_Doc_and_collections,spider_test,True
False,False,False,False,,,,,0,0,False,920,Count the total number of available customers and services details.,government_shift,spider_test,True
False,False,False,False,,,,,0,0,False,921,How many authors do we have?,cre_Doc_Workflow,spider_test,True
False,False,False,False,,,,,0,0,False,922,What are the loan amounts and loan dates of the students who have at least 2 achievements?,cre_Students_Information_Systems,spider_test,True
False,False,False,False,,,,,0,0,False,923,How many distinct planes are owned across all pilots?,pilot_1,spider_test,True
False,False,False,False,,,,,0,0,False,924,List the names of franchises that have at least two games.,video_game,spider_test,True
False,False,False,False,,,,,0,0,False,925,How many pilots are older than the youngest pilot who has Piper Cub?,pilot_1,spider_test,True
False,False,False,False,,,,,0,0,False,926,What are the names of the 5 largest regions in terms of area?,region_building,spider_test,True
False,False,False,False,,,,,0,0,False,927,What are the type of questions and their counts?,online_exams,spider_test,True
False,False,False,False,,,,,0,0,False,928,"What is the receipt number with the latest date, and what is that date?",bakery_1,spider_test,True
False,False,False,False,,,,,0,0,False,929,Which students have 'Suite' as a substring in their details? Give me their biographical information.,cre_Students_Information_Systems,spider_test,True
False,False,False,False,,,,,0,0,False,930,Give the stadium of the institution which is the greatest enrollment.,institution_sports,spider_test,True
False,False,False,False,,,,,0,0,False,931,What are the order ids for orders that include both Pride and Prejudice and The Little Prince?,book_1,spider_test,True
False,False,False,False,,,,,0,0,False,932,Find the number of reservations for each boat with id greater than 50.,boat_1,spider_test,True
False,False,False,False,,,,,0,0,False,933,Count the number of types of cake this bakery sells.,bakery_1,spider_test,True
False,False,False,False,,,,,0,0,False,934,"Which students identify their gender as ""F"" or ""M""? Give me their last names.",online_exams,spider_test,True
False,False,False,False,,,,,0,0,False,935,How many shipments take place on each planet?,planet_1,spider_test,True
False,False,False,False,,,,,0,0,False,936,What are the locations of warehouses that have boxes containing Rocks but not Scissors?,warehouse_1,spider_test,True
False,False,False,False,,,,,0,0,False,937,What are the document object ids of the objects owned by Marlin?,cre_Doc_and_collections,spider_test,True
False,False,False,False,,,,,0,0,False,938,Find the code of all boxes whose value is higher than the value of any boxes with Rocks as content.,warehouse_1,spider_test,True
False,False,False,False,,,,,0,0,False,939,List names and addresses for all affiliations.,aan_1,spider_test,True
False,False,False,False,,,,,0,0,False,940,Which manufacturer is most common among clubs?,soccer_3,spider_test,True
False,False,False,False,,,,,0,0,False,941,Find the ids of customers whose average spending for each good is above 5.,bakery_1,spider_test,True
False,False,False,False,,,,,0,0,False,942,"Return the names of pilots who are younger than average, ordered by age ascending.",pilot_1,spider_test,True
False,False,False,False,,,,,0,0,False,943,Give the id and name of the cheapest Hardware product.,customers_and_orders,spider_test,True
False,False,False,False,,,,,0,0,False,944,Show types of powertrain with vehicles both from 2014 and 2013.,vehicle_rent,spider_test,True
False,False,False,False,,,,,0,0,False,945,List all venues and years for papers ordered by year.,aan_1,spider_test,True
False,False,False,False,,,,,0,0,False,946,How many invoices are there for each status code?,advertising_agencies,spider_test,True
False,False,False,False,,,,,0,0,False,947,How old is the artist who lived the shortest life?,art_1,spider_test,True
False,False,False,False,,,,,0,0,False,948,What are the names of all universities that have both Accounting and Urban Education majors?,university_rank,spider_test,True
False,False,False,False,,,,,0,0,False,949,"For each question type, return its type code and its count of occurrence.",online_exams,spider_test,True
False,False,False,False,,,,,0,0,False,950,Find the analytical layer type code that appears most often.,government_shift,spider_test,True
False,False,False,False,,,,,0,0,False,951,Which stores do not have any headphones in stock? Give me the store names.,headphone_store,spider_test,True
False,False,False,False,,,,,0,0,False,952,What are the titles and paper ids for papers which were affiliated with both Stanford and Columbia University?,aan_1,spider_test,True
False,False,False,False,,,,,0,0,False,953,How many boats are there?,boat_1,spider_test,True
False,False,False,False,,,,,0,0,False,954,List id of documents that in collection named Best but not in document subset Best for 2000.,cre_Doc_and_collections,spider_test,True
False,False,False,False,,,,,0,0,False,955,Who is the oldest spokesman?,district_spokesman,spider_test,True
True,True,True,True,SELECT COUNT(*) FROM bike AS T1 INNER JOIN cyclists_own_bikes AS T2 ON T1.id = T2.bike_id WHERE T1.weight > 780,"{
    ""sql"": ""SELECT COUNT(*) FROM bike AS T1 INNER JOIN cyclists_own_bikes AS T2 ON T1.id = T2.bike_id WHERE T1.weight > 780""
}",{'sql': 'SELECT COUNT(*) FROM bike AS T1 INNER JOIN cyclists_own_bikes AS T2 ON T1.id = T2.bike_id WHERE T1.weight > 780'},,1,1,False,956,How many bikes are heavier than 780 grams?,bike_racing,spider_test,True
False,False,False,False,,,,,0,0,False,957,What are the distinct names of the participants who have sung a song in 'English'?,sing_contest,spider_test,True
False,False,False,False,,,,,0,0,False,958,What are the capitals of the regions with area bigger than 10000?,region_building,spider_test,True
False,False,False,False,,,,,0,0,False,959,What is the document object id with the least number of documents ?,cre_Doc_and_collections,spider_test,True
False,False,False,False,,,,,0,0,False,960,"What are the id and price for the good with ""70"" in its id?",bakery_1,spider_test,True
False,False,False,False,,,,,0,0,False,961,What is the transcript issuance date for the student with the largest amount of loan?,cre_Students_Information_Systems,spider_test,True
False,False,False,False,,,,,0,0,False,962,Give the different entrant types for drivers at least 20 years old.,car_road_race,spider_test,True
False,False,False,False,,,,,0,0,False,963,What can you tell me about sailors who are older than age 30?,boat_1,spider_test,True
False,False,False,False,,,,,0,0,False,964,What are the nationalities and card credits of customers?,restaurant_bills,spider_test,True
False,False,False,False,,,,,0,0,False,965,How many customers are associated with each nationality? List the nationality and the number of customers.,restaurant_bills,spider_test,True
False,False,False,False,,,,,0,0,False,966,Which headphone model has the highest price?,headphone_store,spider_test,True
False,False,False,False,,,,,0,0,False,967,What is the name of the plane that is flown the least often?,pilot_1,spider_test,True
False,False,False,False,,,,,0,0,False,968,Return the id and detail for the agency with the most staff.,advertising_agencies,spider_test,True
False,False,False,False,,,,,0,0,False,969,How many different customers have ordered things?,e_commerce,spider_test,True
False,False,False,False,,,,,0,0,False,970,What is the name of every distinct painting in alphabetical order?,art_1,spider_test,True
False,False,False,False,,,,,0,0,False,971,What are the names of all staff members who are older than average?,conference,spider_test,True
False,False,False,False,,,,,0,0,False,972,What are the names of vehicles that have never been rented?,vehicle_rent,spider_test,True
False,False,False,False,,,,,0,0,False,973,Show all Client names and their addresses.,book_1,spider_test,True
False,False,False,False,,,,,0,0,False,974,What are the average height and width of paintings grouped by painters and ordered by name?,art_1,spider_test,True
False,False,False,False,,,,,0,0,False,975,How many staff did not attend any meeting?,advertising_agencies,spider_test,True
False,False,False,False,,,,,0,0,False,976,What are the titles of all books written by an author with a name that contains Plato?,book_1,spider_test,True
False,False,False,False,,,,,0,0,False,977,How many exams are there?,online_exams,spider_test,True
False,False,False,False,,,,,0,0,False,978,"List the invoices' status, date and the date of shipment.",e_commerce,spider_test,True
False,False,False,False,,,,,0,0,False,979,What are the ids of Cookies whose price is lower than any Croissant?,bakery_1,spider_test,True
False,False,False,False,,,,,0,0,False,980,"Give me the details of all the services that have interacted with the channel with detail ""15 ij"".",government_shift,spider_test,True
False,True,False,False,,"[
    {
        ""name"": ""John Doe"",
        ""Total_Sale_Amount"": 10000000
    },
    {
        ""name"": ""Jane Smith"",
        ""Total_Sale_Amount"": 25000000
    }
]",,,0,1,False,981,Find the name and total book sale amount of each press.,book_press,spider_test,True
False,False,False,False,,,,,0,0,False,982,What is the name of the city closest to Chicago?,address_1,spider_test,True
False,False,False,False,,,,,0,0,False,983,Show the number of process status.,cre_Doc_Workflow,spider_test,True
False,False,False,False,,,,,0,0,False,984,"Return the names of players in order of count of wins, ascending.",soccer_3,spider_test,True
False,False,False,False,,,,,0,0,False,985,How many institutions are there?,institution_sports,spider_test,True
False,False,False,False,,,,,0,0,False,986,What is the maximum rating for sailors?,boat_1,spider_test,True
False,False,False,False,,,,,0,0,False,987,What is the order status code that is most common?,customers_and_orders,spider_test,True
False,False,False,False,,,,,0,0,False,988,Which nationality does the most customers have?,restaurant_bills,spider_test,True
False,False,False,False,,,,,0,0,False,989,Find the headphone model whose total quantity in stock is the largest.,headphone_store,spider_test,True
False,False,False,False,,,,,0,0,False,990,What is the lowest room count across all the properties?,real_estate_rentals,spider_test,True
False,False,False,False,,,,,0,0,False,991,"List the name of the songs in ascending, lexicographical order.",sing_contest,spider_test,True
False,False,False,False,,,,,0,0,False,992,When did the artist who made the fewest sculptures die?,art_1,spider_test,True
False,False,False,False,,,,,0,0,False,993,"Return the names and ages of pilors who have flown Piper Cub and are older than 35, or have flown the F-14 Fighter and are younger than 30.",pilot_1,spider_test,True
False,False,False,False,,,,,0,0,False,994,What are the names of drivers who had both the pole position James Hinchcliffe and the pole position Carl Skerlong?,car_road_race,spider_test,True
False,False,False,False,,,,,0,0,False,995,When was the time of the latest search by a user?,real_estate_rentals,spider_test,True
False,False,False,False,,,,,0,0,False,996,"For each location, what are the total, average, and maximum capacities of warehouses?",warehouse_1,spider_test,True
False,False,False,False,,,,,0,0,False,997,What is the number of documents in the collection named 'Best'?,cre_Doc_and_collections,spider_test,True
False,False,False,False,,,,,0,0,False,998,"What is the invoice id, status code, and details for the invoice with most number of payments.",advertising_agencies,spider_test,True
False,False,False,False,,,,,0,0,False,999,"What is the list of building names, sorted by the number of stories of each building in ascending order?",region_building,spider_test,True
False,False,False,False,,,,,0,0,False,1000,What are the names of the movies not being shown in any theaters?,movie_2,spider_test,True
False,False,False,False,,,,,0,0,False,1001,Give the title of the paper with the most authors.,aan_1,spider_test,True
False,False,False,False,,,,,0,0,False,1002,Find the first and last names of all artists who were born after 1850.,art_1,spider_test,True
False,False,False,False,,,,,0,0,False,1003,How many integration platforms are successful?,government_shift,spider_test,True
False,False,False,False,,,,,0,0,False,1004,"List the dates of the exams with subject code containing the word ""data"", in descending order of dates.",online_exams,spider_test,True
False,False,False,False,,,,,0,0,False,1005,"What is the type of event the most students joined? Give me the number of students, and the event type code and description.",cre_Students_Information_Systems,spider_test,True
False,False,False,False,,,,,0,0,False,1006,What are the different names of sailors who are older than some other sailor with a rating larger than 7?,boat_1,spider_test,True
False,False,False,False,,,,,0,0,False,1007,What are the age categories for users whose description contains the string Mother?,real_estate_rentals,spider_test,True
False,False,False,False,,,,,0,0,False,1008,What are the codes of boxes for which the value is greater than the value of any box that contains Rocks?,warehouse_1,spider_test,True
False,False,False,False,,,,,0,0,False,1009,"Show the average overall scores of countries whose official language is ""English"".",country_language,spider_test,True
False,False,False,False,,,,,0,0,False,1010,How many customers do we have?,customers_and_orders,spider_test,True
False,True,False,False,,"[
    {
        ""sql"": ""SELECT p.id FROM paintings AS p JOIN paintings AS prev_p ON p.gallery_id = prev_p.gallery_id WHERE p.gallery_id != 240""
    }
]",,,0,1,False,1011,What are the ids of the paintings created before all of the paintings in gallery 240?,art_1,spider_test,True
False,False,False,False,,,,,0,0,False,1012,How many movies are playing across all theaters?,movie_2,spider_test,True
False,False,False,False,,,,,0,0,False,1013,What are the contents of boxes with value greater than 150?,warehouse_1,spider_test,True
False,False,False,False,,,,,0,0,False,1014,List all university names in ascending order of their reputation points.,university_rank,spider_test,True
False,False,False,False,,,,,0,0,False,1015,How many products are there for each product type?,customers_and_orders,spider_test,True
False,False,False,False,,,,,0,0,False,1016,How many headphones cost more than 200 for each headphone class?,headphone_store,spider_test,True
False,False,False,False,,,,,0,0,False,1017,What are the names of the publishers that made more than 15 billion profits each year or 1 billion each month?,book_press,spider_test,True
False,False,False,False,,,,,0,0,False,1018,How many different levels of heat are there for the cyclists?,bike_racing,spider_test,True
False,False,False,False,,,,,0,0,False,1019,Count the number of cities.,address_1,spider_test,True
False,False,False,False,,,,,0,0,False,1020,What are the home conferences with the fewest number of people enrolled?,university_rank,spider_test,True
False,False,False,False,,,,,0,0,False,1021,What are the stadiums of institutions in descending order of the capacity.,institution_sports,spider_test,True
False,False,False,False,,,,,0,0,False,1022,"Find the name of all the services which either have been used by customer ""Hardy Kutch"" or have been rated as ""good"" in one of the customer interactions.",government_shift,spider_test,True
False,False,False,False,,,,,0,0,False,1023,What are the names of the collections that are related to the collection named Best?,cre_Doc_and_collections,spider_test,True
False,False,False,False,,,,,0,0,False,1024,Count the number of different comments for student answers.,online_exams,spider_test,True
False,False,False,False,,,,,0,0,False,1025,Return the names of directors who are older than the average age.,bbc_channels,spider_test,True
False,False,False,False,,,,,0,0,False,1026,What are the dates and ids of the invoices that are related to at least 2 shipments?,e_commerce,spider_test,True
False,False,False,False,,,,,0,0,False,1027,"Show the number of stories of buildings in the region with name ""Abruzzo"".",region_building,spider_test,True
False,False,False,False,,,,,0,0,False,1028,What is the distance between Boston and Newark?,address_1,spider_test,True
False,False,False,False,,,,,0,0,False,1029,How many books do we have?,book_1,spider_test,True
False,False,False,False,,,,,0,0,False,1030,What was the time of the most recent search?,real_estate_rentals,spider_test,True
False,False,False,False,,,,,0,0,False,1031,List the biographical data and student id for the students who take 2 or more classes and the students who have less than 2 detentions.,cre_Students_Information_Systems,spider_test,True
False,False,False,False,,,,,0,0,False,1032,"What are the 3 best selling books? Show their titles, author names, and press names.",book_press,spider_test,True
False,False,False,False,,,,,0,0,False,1033,"What are the names, codes, states, and countries for all cities?",address_1,spider_test,True
False,False,False,False,,,,,0,0,False,1034,What is the painting count of the artist with the longest life ?,art_1,spider_test,True
False,False,False,False,,,,,0,0,False,1035,Return the names of drivers with citizenship from the United States.,vehicle_driver,spider_test,True
False,False,False,False,,,,,0,0,False,1036,What are names of movies that have a 'G' ratings?,movie_2,spider_test,True
False,False,False,False,,,,,0,0,False,1037,What are the name and total book sale amount of each press?,book_press,spider_test,True
False,False,False,False,,,,,0,0,False,1038,Which customer shopped most often? How many times?,bakery_1,spider_test,True
False,False,False,False,,,,,0,0,False,1039,On which date did some customer buy a good that costs more than 15 dollars?,bakery_1,spider_test,True
False,False,False,False,,,,,0,0,False,1040,What are the names of all authors who have more than 50 papers?,aan_1,spider_test,True
False,False,False,False,,,,,0,0,False,1041,What are the ids and names of all customers?,customers_and_orders,spider_test,True
False,False,False,False,,,,,0,0,False,1042,What are the names of all employees with clearance on Omega III?,planet_1,spider_test,True
False,False,False,False,,,,,0,0,False,1043,Which state does the student whose first name is Linda live in?,address_1,spider_test,True
False,False,False,False,,,,,0,0,False,1044,What is the name of the oldest member?,club_leader,spider_test,True
False,False,False,False,,,,,0,0,False,1045,"Show the names of customers and names of dishes they order, in descending order of the quantity of dish.",restaurant_bills,spider_test,True
False,False,False,False,,,,,0,0,False,1046,What are the first and last names of the artists who did not sculpt but could paint.,art_1,spider_test,True
False,False,False,False,,,,,0,0,False,1047,Count the number of languages.,country_language,spider_test,True
False,False,False,False,,,,,0,0,False,1048,Where is the plane F-14 Fighter located?,pilot_1,spider_test,True
False,False,False,False,,,,,0,0,False,1049,What is the first name and age of the artist who lived the longest?,art_1,spider_test,True
False,False,False,False,,,,,0,0,False,1050,Which conference has the least number of total enrollment?,university_rank,spider_test,True
False,False,False,False,,,,,0,0,False,1051,Find the names of all pilots with age between 30 and 40 sorted by their ages in ascending order.,pilot_1,spider_test,True
False,False,False,False,,,,,0,0,False,1052,"Show the next process id, process name, process description for process with id 9.",cre_Doc_Workflow,spider_test,True
False,False,False,False,,,,,0,0,False,1053,What are the city codes corresponding to cities with distances less than 1000?,address_1,spider_test,True
False,False,False,False,,,,,0,0,False,1054,Count the number of players that have a rank of year of at most 3.,video_game,spider_test,True
False,False,False,False,,,,,0,0,False,1055,Return the agency ids and number of staff in each.,advertising_agencies,spider_test,True
False,False,False,False,,,,,0,0,False,1056,"Show the type of powertrain with at least two vehicles, and the average annual fuel cost for vehicles in each such type.",vehicle_rent,spider_test,True
False,False,False,False,,,,,0,0,False,1057,What is the average amount of a student loan?,cre_Students_Information_Systems,spider_test,True
False,False,False,False,,,,,0,0,False,1058,List each gender and the corresponding number of students.,online_exams,spider_test,True
False,False,False,False,,,,,0,0,False,1059,Find the names of spokesmen who have served some district before 2004.,district_spokesman,spider_test,True
False,False,False,False,,,,,0,0,False,1060,Show agency ids and details with at least 2 clients.,advertising_agencies,spider_test,True
True,False,False,False,[SQL Query],,,,1,0,False,1061,What are the states that have more than 2 universities with an enrollment less than 3000?,university_rank,spider_test,True
False,False,False,False,,,,,0,0,False,1062,"What are the titles and paper ids for papers that have Mckeown, Kathleen or Rambow, Owen in their author list?",aan_1,spider_test,True
False,False,False,False,,,,,0,0,False,1063,"For each press, return its name and the number of books that have sale amount above 1000.",book_press,spider_test,True
False,False,False,False,,,,,0,0,False,1064,What are the id and name of the song sung by the most participants?,sing_contest,spider_test,True
False,False,False,False,,,,,0,0,False,1065,"What are the names of institutions, ordered by the years in which they were founded?",institution_sports,spider_test,True
False,False,False,False,,,,,0,0,False,1066,Find pilots who own plane Piper Cub but not B-52 Bomber.,pilot_1,spider_test,True
False,False,False,False,,,,,0,0,False,1067,"List all the distinct product names, price and descriptions which are bought by female customers.",e_commerce,spider_test,True
False,False,False,False,,,,,0,0,False,1068,Which region has the largest population? Give me the capital of the region.,region_building,spider_test,True
False,False,False,False,,,,,0,0,False,1069,Find the names of authors who have more than one book in the database.,book_press,spider_test,True
False,False,False,False,,,,,0,0,False,1070,"Show the order ids, order dates, and order status codes for all orders by customer Jeromy.",customers_and_orders,spider_test,True
False,False,False,False,,,,,0,0,False,1071,What is the name of the author of best selling book?,book_press,spider_test,True
False,False,False,False,,,,,0,0,False,1072,Give me an alphabetically ordered list of the distinct subject code for exams.,online_exams,spider_test,True
False,False,False,False,,,,,0,0,False,1073,Return the unique boat ids (bid) of all reserved boats.,boat_1,spider_test,True
False,False,False,False,,,,,0,0,False,1074,"List all conference name, year, and location.",conference,spider_test,True
False,False,False,False,,,,,0,0,False,1075,Give the average distance between Boston and other cities.,address_1,spider_test,True
False,False,False,False,,,,,0,0,False,1076,Show the other details for the author Addison Denesik.,cre_Doc_Workflow,spider_test,True
False,False,False,False,,,,,0,0,False,1077,What is the first name of the user who owns the greatest number of properties?,real_estate_rentals,spider_test,True
False,False,False,False,,,,,0,0,False,1078,What are the agency ids and agency details for all agencies who have a client?,advertising_agencies,spider_test,True
False,False,False,False,,,,,0,0,False,1079,What are the movie titles for ones that are played in the Odeon theater?,movie_2,spider_test,True
False,False,False,False,,,,,0,0,False,1080,What is the name and rank of every university in Wisconsin?,university_rank,spider_test,True
False,False,False,False,,,,,0,0,False,1081,What are the widths of the paintings that were created by the artist who was born before 1850?,art_1,spider_test,True
False,False,False,False,,,,,0,0,False,1082,What are the start time and end time of addresses for the students who receive 2 transcripts?,cre_Students_Information_Systems,spider_test,True
False,False,False,False,,,,,0,0,False,1083,What are the details on the document subsets that are named 'Best for 2000'?,cre_Doc_and_collections,spider_test,True
False,False,False,False,,,,,0,0,False,1084,What is the title of the book that has been ordered the greatest number of times?,book_1,spider_test,True
False,False,False,False,,,,,0,0,False,1085,List the name of franchise that have the most number of games.,video_game,spider_test,True
False,False,False,False,,,,,0,0,False,1086,Which venue has the fewest publications?,aan_1,spider_test,True
False,False,False,False,,,,,0,0,False,1087,"What are the first, middle, last, and login names for all users who are sellers?",real_estate_rentals,spider_test,True
False,False,False,False,,,,,0,0,False,1088,"What are the ids, type codes, and names for all products?",customers_and_orders,spider_test,True
False,False,False,False,,,,,0,0,False,1089,Find the the name of the oldest director.,bbc_channels,spider_test,True
False,False,False,False,,,,,0,0,False,1090,What is the code of the product type that is least common?,customers_and_orders,spider_test,True
False,False,False,False,,,,,0,0,False,1091,What are invoices status of all the orders which have not been shipped?,e_commerce,spider_test,True
False,False,False,False,,,,,0,0,False,1092,What are the names of clients who have ordered Pride and Prejudice?,book_1,spider_test,True
False,False,False,False,,,,,0,0,False,1093,Show the country of players with earnings more than 1400000 and players with earnings less than 1100000.,soccer_3,spider_test,True
True,True,False,False,[SQL Query],"[
    {
        ""sql"": ""SELECT s.Store_ID, s.Name, COUNT(*) as num_ears FROM stock s JOIN headphone h ON s.Headphone_ID = h.Headphone_ID GROUP BY s.Store_ID, s.Headphone_ID ORDER BY num_ears DESC LIMIT 2""
    }
]",,,1,1,False,1094,What are the top 2 earpads in terms of the number of headphones using them?,headphone_store,spider_test,True
False,False,False,False,,,,,0,0,False,1095,List all book titles which have highest purchase prices .,book_1,spider_test,True
False,True,False,False,,"[
    {
        ""id"": 35,
        ""height"": 76,
        ""width"": 100
    }
]",,,0,1,False,1096,What are the id and height of the painting with the longest width in gallery 240?,art_1,spider_test,True
False,False,False,False,,,,,0,0,False,1097,Return all the enrollments of institutions in either the city of Vancouver or the city of Calgary .,institution_sports,spider_test,True
False,False,False,False,,,,,0,0,False,1098,Show names of clubs that have players with more than 2 win counts.,soccer_3,spider_test,True
False,False,False,False,,,,,0,0,False,1099,What are the type and title of the books that are not rated?,book_review,spider_test,True
False,False,False,False,,,,,0,0,False,1100,"What are the names, types of powertrains, and yearly fuel costs for vehicles with model years in either 2013 2014?",vehicle_rent,spider_test,True
False,False,False,False,,,,,0,0,False,1101,Find the name and location of the universities that did not have any staff participated in any conference in 2004.,conference,spider_test,True
False,False,False,False,,,,,0,0,False,1102,What is the average price of the products being ordered?,e_commerce,spider_test,True
False,False,False,False,,,,,0,0,False,1103,Find the title of books which are ordered by client Peter Doe but not client James Smith.,book_1,spider_test,True
False,False,False,False,,,,,0,0,False,1104,Show all majors and major ranks for the university with name Augustana College.,university_rank,spider_test,True
False,False,False,False,,,,,0,0,False,1105,Count the number of papers which cited a paper with id A00-1002.,aan_1,spider_test,True
False,False,False,False,,,,,0,0,False,1106,What are the invoice ids and statuses for invoices without a payment?,advertising_agencies,spider_test,True
False,False,False,False,,,,,0,0,False,1107,"What is the name, rating, and age for every sailor? And order them by rating and age.",boat_1,spider_test,True
False,False,False,False,,,,,0,0,False,1108,Find the manager and sponsor for each team and order them by the car owner.,car_racing,spider_test,True
False,False,False,False,,,,,0,0,False,1109,Show the names and other details for all authors.,cre_Doc_Workflow,spider_test,True
False,False,False,False,,,,,0,0,False,1110,"List all the distinct student answer texts to which comments ""Normal"" were given?",online_exams,spider_test,True
False,False,False,False,,,,,0,0,False,1111,What are the names and nationalities of the members?,club_leader,spider_test,True
False,False,False,False,,,,,0,0,False,1112,How many customers do not have any payment method?,e_commerce,spider_test,True
False,False,False,False,,,,,0,0,False,1113,"Which authors publish books in both ""MM"" and ""LT"" series? Give me the author names.",book_press,spider_test,True
False,False,False,False,,,,,0,0,False,1114,"Give the build year, model, and builder of each vehicle.",vehicle_driver,spider_test,True
False,False,False,False,,,,,0,0,False,1115,List the biographical data of the students who never had a detention or student loan .,cre_Students_Information_Systems,spider_test,True
False,False,False,False,,,,,0,0,False,1116,What are the collection subsets that the collection named 'Best' in?,cre_Doc_and_collections,spider_test,True
False,False,False,False,,,,,0,0,False,1117,What is the minimum number of rooms in a property?,real_estate_rentals,spider_test,True
False,False,False,False,,,,,0,0,False,1118,Show names of clubs in descending order of average earnings of players belonging.,soccer_3,spider_test,True
False,False,False,False,,,,,0,0,False,1119,What are the names of all employees who have a salary greater than average or more than 5000?,planet_1,spider_test,True
False,False,False,False,,,,,0,0,False,1120,Which authors in the record have not published any books ? Give me their names .,book_press,spider_test,True
False,False,False,False,,,,,0,0,False,1121,What are the titles of games not played by any players who play the Guard position?,video_game,spider_test,True
False,False,False,False,,,,,0,0,False,1122,"Which student answer texts were given both ""Normal"" and ""Absent"" as comments?",online_exams,spider_test,True
False,False,False,False,,,,,0,0,False,1123,What are the names of everbody who has participated in both the ACL and NACCL conferences?,conference,spider_test,True
False,False,False,False,,,,,0,0,False,1124,"For each order, find the customer name and the dish name. Sort the result in descending order of the quantity of dish.",restaurant_bills,spider_test,True
False,False,False,False,,,,,0,0,False,1125,What is the product id and product name for the cheapest Hardware type product?,customers_and_orders,spider_test,True
False,False,False,False,,,,,0,0,False,1126,Count the number of exams.,online_exams,spider_test,True
False,False,False,False,,,,,0,0,False,1127,What are the names of sailors who reserved a boat with the name Melon?,boat_1,spider_test,True
False,False,False,False,,,,,0,0,False,1128,"Return the date stamp and property name for each property history event, sorted by date stamp.",real_estate_rentals,spider_test,True
False,False,False,False,,,,,0,0,False,1129,What was the registration date for the user whose login name is ratione?,real_estate_rentals,spider_test,True
False,False,False,False,,,,,0,0,False,1130,"Show minimum, maximum, and average annual fuel cost for all vehicles.",vehicle_rent,spider_test,True
False,False,False,False,,,,,0,0,False,1131,"What are the names, locations, and founding years for all institutions?",conference,spider_test,True
False,False,False,False,,,,,0,0,False,1132,"What are the build year, model name and builder of the vehicles?",vehicle_driver,spider_test,True
False,False,False,False,,,,,0,0,False,1133,Find the average card credit customers whose membership level is above 1.,restaurant_bills,spider_test,True
False,False,False,False,,,,,0,0,False,1134,Give the id and flavor of the most expensive cake.,bakery_1,spider_test,True
False,False,False,False,,,,,0,0,False,1135,What are the names of the drivers who are citizens of the 'United States'?,vehicle_driver,spider_test,True
False,False,False,False,,,,,0,0,False,1136,Show the name and age of the customer with maximum membership credit.,vehicle_rent,spider_test,True
False,False,False,False,,,,,0,0,False,1137,List the document id of all documents in collection named Best.,cre_Doc_and_collections,spider_test,True
False,False,False,False,,,,,0,0,False,1138,Which states have at least two cities?,address_1,spider_test,True
True,False,False,False,"SELECT p.payment_method_code, COUNT(o.order_id) as num_orders
FROM Customers c
JOIN Customer_Payment_Methods cpm ON c.customer_id = cpm.customer_id
JOIN Orders o ON c.customer_id = o.customer_id
GROUP BY p.payment_method_code
ORDER BY num_orders DESC
LIMIT 1",,,,1,0,False,1139,What is the most popular payment method?,e_commerce,spider_test,True
False,False,False,False,,,,,0,0,False,1140,Show all sic codes and the number of clients with each code.,advertising_agencies,spider_test,True
False,False,False,False,,,,,0,0,False,1141,How many performances have a stage presence score less than 7 or higher than 9?,sing_contest,spider_test,True
False,False,False,False,,,,,0,0,False,1142,Find the name and id of the sailors who reserved at least one boat?,boat_1,spider_test,True
False,False,False,False,,,,,0,0,False,1143,What is the average price of the bikes made of material 'Carbon CC'?,bike_racing,spider_test,True
False,False,False,False,,,,,0,0,False,1144,Find the locations that have paintings before 1885 and no work with medium on canvas?,art_1,spider_test,True
False,False,False,False,,,,,0,0,False,1145,"Show the author name and details for the document ""Travel to China"".",cre_Doc_Workflow,spider_test,True
False,False,False,False,,,,,0,0,False,1146,How many paintings were created before 1900 in different locations?,art_1,spider_test,True
False,False,False,False,,,,,0,0,False,1147,What are the receipt numbers for instances where both cakes and cookies were purchased?,bakery_1,spider_test,True
False,False,False,False,,,,,0,0,False,1148,"Please show the names of drivers, and countries they are from.",car_racing,spider_test,True
False,False,False,False,,,,,0,0,False,1149,What is the description for process status code ct?,cre_Doc_Workflow,spider_test,True
False,False,False,False,,,,,0,0,False,1150,List the title and location of all paintings.,art_1,spider_test,True
False,False,False,False,,,,,0,0,False,1151,What are the engine types that are used by two or more drivers?,car_road_race,spider_test,True
False,False,False,False,,,,,0,0,False,1152,What is the description of the most common property type? List the description and code.,real_estate_rentals,spider_test,True
False,False,False,False,,,,,0,0,False,1153,What year had the fewest conferences?,conference,spider_test,True
False,False,False,False,,,,,0,0,False,1154,"Count the number of integration platforms that have ""Success"" in the details.",government_shift,spider_test,True
False,False,False,False,,,,,0,0,False,1155,What are the ids of sailors who have not reserved a boat?,boat_1,spider_test,True
False,False,False,False,,,,,0,0,False,1156,"What are the id, sic code and agency id of the client who has attended 1 meeting and has any invoice.",advertising_agencies,spider_test,True
False,False,False,False,,,,,0,0,False,1157,List the invoice dates and ids of the invoices causing at least 2 shipments.,e_commerce,spider_test,True
False,False,False,False,,,,,0,0,False,1158,"For each gender, return gender and the average age of authors.",book_press,spider_test,True
False,False,False,False,,,,,0,0,False,1159,Return the number of clients.,book_1,spider_test,True
False,False,False,False,,,,,0,0,False,1160,What are the receipt numbers for a customer with the last name Logan who purchased a croissant?,bakery_1,spider_test,True
False,False,False,False,,,,,0,0,False,1161,What are the distinct product names of bikes owned by cyclists from 'Russia' or cyclists from 'Great Britain'?,bike_racing,spider_test,True
False,False,False,False,,,,,0,0,False,1162,"What are the minimum and maximum prices of food goods, ordered by food?",bakery_1,spider_test,True
False,False,False,False,,,,,0,0,False,1163,What are the names and ages of all sailors sorted by decreasing rating?,boat_1,spider_test,True
False,False,False,False,,,,,0,0,False,1164,Which student is taking the most courses? Give me the id of the student and the number of courses he or she is taking.,cre_Students_Information_Systems,spider_test,True
False,False,False,False,,,,,0,0,False,1165,What are the names of authors who have exactly 1 paper?,aan_1,spider_test,True
False,False,False,False,,,,,0,0,False,1166,"What are the titles of books that the client Peter Doe ordered, but the client James Smith did not?",book_1,spider_test,True
False,False,False,False,,,,,0,0,False,1167,What is the sum of distances between BAL and other cities?,address_1,spider_test,True
False,False,False,False,,,,,0,0,False,1168,How many paintings did the artist with the longest life make ?,art_1,spider_test,True
False,False,False,False,,,,,0,0,False,1169,What is the package number and weight of the heaviest package that was sent by a client named John or something similar?,planet_1,spider_test,True
False,False,False,False,,,,,0,0,False,1170,Find the biographical information of the student with the smallest student loan.,cre_Students_Information_Systems,spider_test,True
False,False,False,False,,,,,0,0,False,1171,Count the number of cities in Canada.,address_1,spider_test,True
True,False,False,False,"[
    {
        ""sql"": ""SELECT MAX(Rank_of_the_year) AS max_rank, MIN(Rank_of_the_year) AS min_rank FROM player WHERE Rank_of_the_year BETWEEN ? AND ? GROUP BY Rank_of_the_year"",
        ""parameters"": [10000, 20000]
    }
]",,,,1,0,False,1172,Give the maximum and minimum rank of the year across all players.,video_game,spider_test,True
False,False,False,False,,,,,0,0,False,1173,What is the title of the sculpture that was created in the most recent year ?,art_1,spider_test,True
False,False,False,False,,,,,0,0,False,1174,What are all of the movie names?,movie_2,spider_test,True
False,False,False,False,,,,,0,0,False,1175,"What are the names of the different official languages, as well as the number of countries that speak each?",country_language,spider_test,True
False,False,False,False,,,,,0,0,False,1176,What are the usernames and passwords of all customers whose phone number starts with '+12'?,e_commerce,spider_test,True
False,True,False,False,,"[
    {
        ""painting_id"": 1,
        ""height"": 76,
        ""width"": 89
    },
    {
        ""painting_id"": 2,
        ""height"": 72,
        ""width"": 88
    }
]",,,0,1,False,1177,Tell me the height and id number of the widest painting in gallery 240.,art_1,spider_test,True
False,False,False,False,,,,,0,0,False,1178,What are the agency ids and details agencies with at least 2 clients?,advertising_agencies,spider_test,True
False,False,False,False,,,,,0,0,False,1179,What is the id of the vehicle driven for the least times for the vehicles ever used?,vehicle_driver,spider_test,True
False,False,False,False,,,,,0,0,False,1180,How many documents have a process?,cre_Doc_Workflow,spider_test,True
False,False,False,False,,,,,0,0,False,1181,how many different earpads are there?,headphone_store,spider_test,True
False,False,False,False,,,,,0,0,False,1182,Show the ids and details for all staff.,cre_Doc_Workflow,spider_test,True
False,True,False,False,,"[
    {
        ""Institution_Name"": ""Institution A"",
        ""StaffCount"": 5
    },
    {
        ""Institution_Name"": ""Institution B"",
        ""StaffCount"": 3
    }
]",,,0,1,False,1183,"For each institution id , how many staff members does each institution have that was founded after 1800 ? return their names .",conference,spider_test,True
False,False,False,False,,,,,0,0,False,1184,What are the names of the boats booked by people between age 20 and 30?,boat_1,spider_test,True
False,False,False,False,,,,,0,0,False,1185,How many distinct customer and services details are there?,government_shift,spider_test,True
False,False,False,False,,,,,0,0,False,1186,Show all types of powertrain and the number of vehicles in each type.,vehicle_rent,spider_test,True
False,False,False,False,,,,,0,0,False,1187,List the names of all authors and their number of papers in descending order by number of papers.,aan_1,spider_test,True
False,False,False,False,,,,,0,0,False,1188,"Count the number of collaborators that Mckeown , Kathleen has had .",aan_1,spider_test,True
False,False,False,False,,,,,0,0,False,1189,"Which customers have experienced status ""Stuck"" and service and channel detail ""bad"" in  an interaction? Give me the customer details.",government_shift,spider_test,True
False,False,False,False,,,,,0,0,False,1190,What are the names and id of platforms whose download rank is 1?,video_game,spider_test,True
False,False,False,False,,,,,0,0,False,1191,What is the age range category of the user who made the first search?,real_estate_rentals,spider_test,True
False,False,False,False,,,,,0,0,False,1192,What are the distinct entrant types of drivers aged 20 or older?,car_road_race,spider_test,True
False,False,False,False,,,,,0,0,False,1193,Show names for all cities where at least three students live.,address_1,spider_test,True
False,False,False,False,,,,,0,0,False,1194,"Show the names of customers with nationality ""England"" or ""Australia"".",restaurant_bills,spider_test,True
False,False,False,False,,,,,0,0,False,1195,What is the rating and average age for sailors who have reserved red boat grouped by rating?,boat_1,spider_test,True
False,False,False,False,,,,,0,0,False,1196,Show all university names with both major Accounting and major Urban Education.,university_rank,spider_test,True
False,False,False,False,,,,,0,0,False,1197,Show all information of all unrated movies.,movie_2,spider_test,True
False,False,False,False,,,,,0,0,False,1198,How many students live in each country?,address_1,spider_test,True
False,False,False,False,,,,,0,0,False,1199,Count the number of staff who did not attend any meeting.,advertising_agencies,spider_test,True
False,False,False,False,,,,,0,0,False,1200,Show the title of games that are not played by any player who is in the Guard position.,video_game,spider_test,True
False,False,False,False,,,,,0,0,False,1201,Return the first name and major of students are living in Baltimore?,address_1,spider_test,True
False,False,False,False,,,,,0,0,False,1202,For each book type return the type and the number of books of that type.,book_review,spider_test,True
False,False,False,False,,,,,0,0,False,1203,Which country is the driver with the highest points from? Give me the capital of the country.,car_racing,spider_test,True
False,False,False,False,,,,,0,0,False,1204,"How many vehicles has a driver driven at most, and what is the driver id of the driver who has driven this many vehicles?",vehicle_driver,spider_test,True
False,False,False,False,,,,,0,0,False,1205,How many different roles does the staff with id 3 have?,cre_Doc_Workflow,spider_test,True
False,False,False,False,,,,,0,0,False,1206,"How many papers did each author publish, ordered by number of papers?",aan_1,spider_test,True
False,False,False,False,,,,,0,0,False,1207,Show all customer ids and customer names.,customers_and_orders,spider_test,True
False,False,False,False,,,,,0,0,False,1208,List the client id and detail with most number of invoices.,advertising_agencies,spider_test,True
False,False,False,False,,,,,0,0,False,1209,Count the number of staff in each meeting by meeting id.,advertising_agencies,spider_test,True
True,False,False,False,"SELECT p.Name AS Press_Name, AVG(b.Sale_Amount) AS Average_Press_Profit, MAX(b.Sale_Amount) AS Maximum_Press_Profit
FROM press p
JOIN book b ON p.Press_ID = b.Press_ID
GROUP BY p.Press_ID",,,,1,0,False,1210,what are the average and maximum profit of a year for all presses?,book_press,spider_test,True
False,False,False,False,,,,,0,0,False,1211,Show all product names without an order.,customers_and_orders,spider_test,True
False,False,False,False,,,,,0,0,False,1212,Which headphone class does have more than two headphones?,headphone_store,spider_test,True
False,False,False,False,,,,,0,0,False,1213,How many vehicles have maximum top speed?,vehicle_driver,spider_test,True
False,False,False,False,,,,,0,0,False,1214,Show the nations that have at least two members.,club_leader,spider_test,True
False,False,False,False,,,,,0,0,False,1215,What is the biographical information of the students who got the most common result for their behaviour monitoring details ?,cre_Students_Information_Systems,spider_test,True
False,False,False,False,,,,,0,0,False,1216,What are the starting time and ending time of each detention record?,cre_Students_Information_Systems,spider_test,True
False,False,False,False,,,,,0,0,False,1217,How many photos does each property have?,real_estate_rentals,spider_test,True
False,False,False,False,,,,,0,0,False,1218,Return the cities in which there exist properties that have swimming pools.,real_estate_rentals,spider_test,True
False,False,False,False,,,,,0,0,False,1219,"For the document subset with the most number of different documents , what are the ids and names of the subset , as well as the number of documents ?",cre_Doc_and_collections,spider_test,True
False,False,False,False,,,,,0,0,False,1220,What is the title of the book written by Plato has price lower than the average sale price of all books?,book_1,spider_test,True
False,False,False,False,,,,,0,0,False,1221,What is all the information about the warehouses?,warehouse_1,spider_test,True
False,False,False,False,,,,,0,0,False,1222,List all program titles in the order of starting year. List the most recent one first.,bbc_channels,spider_test,True
False,False,False,False,,,,,0,0,False,1223,How many payments are there for each invoice?,advertising_agencies,spider_test,True
False,False,False,False,,,,,0,0,False,1224,How many products does each gender buy?,e_commerce,spider_test,True
False,False,False,False,,,,,0,0,False,1225,Show the agency ids and the number of staff in each agent?,advertising_agencies,spider_test,True
False,False,False,False,,,,,0,0,False,1226,What are the distinct warehouses that have boxes with Rocks or Scissors as contents?,warehouse_1,spider_test,True
False,False,False,False,,,,,0,0,False,1227,What are the pairs of teachers and students who are in the same class? Give me the pairs of their details.,cre_Students_Information_Systems,spider_test,True
False,False,False,False,,,,,0,0,False,1228,Give the id and the number of citations of the most cited paper.,aan_1,spider_test,True
False,False,False,False,,,,,0,0,False,1229,What are the different owners of documents that are related to ones owned by Braeden?,cre_Doc_and_collections,spider_test,True
False,False,False,False,,,,,0,0,False,1230,List the manger's name and number of shipments under his management.,planet_1,spider_test,True
False,False,False,False,,,,,0,0,False,1231,Give the title of book by George Orwell that has the lowest saleprice.,book_1,spider_test,True
False,False,False,False,,,,,0,0,False,1232,Return the number of distinct staff who have attended a meeting?,advertising_agencies,spider_test,True
False,False,False,False,,,,,0,0,False,1233,"Find the name, rating and age of all sailors ordered by rating and age.",boat_1,spider_test,True
False,False,False,False,,,,,0,0,False,1234,What are the first and last names of artists who have painted using both oil and lithographic mediums?,art_1,spider_test,True
False,False,False,False,,,,,0,0,False,1235,What are the employees's names for those that have salaries between 5000 and 10000?,planet_1,spider_test,True
False,False,False,False,,,,,0,0,False,1236,How many authors do we have?,aan_1,spider_test,True
False,False,False,False,,,,,0,0,False,1237,"For each city, what is the the city code and sum of distances from each?",address_1,spider_test,True
False,False,False,False,,,,,0,0,False,1238,What are the name and popularity of participants who have sung a song both in 'Croatian' language and in 'English' language?,sing_contest,spider_test,True
False,False,False,False,,,,,0,0,False,1239,"Return the ids, sic codes, and agency ids of clients who have attended 1 meeting and had an invoice.",advertising_agencies,spider_test,True
False,False,False,False,,,,,0,0,False,1240,Show all home conferences and the number of universities in each conference.,university_rank,spider_test,True
False,False,False,False,,,,,0,0,False,1241,How many members are there?,club_leader,spider_test,True
False,False,False,False,,,,,0,0,False,1242,"For each driver, return his or her name and country.",car_racing,spider_test,True
False,False,False,False,,,,,0,0,False,1243,Show different nationalities along with the number of members of each nationality.,club_leader,spider_test,True
False,False,False,False,,,,,0,0,False,1244,"Who is the author of the document ""Travel to Brazil""?",cre_Doc_Workflow,spider_test,True
False,False,False,False,,,,,0,0,False,1245,"Which customers did not make any orders? List the first name, middle initial and last name.",e_commerce,spider_test,True
False,False,False,False,,,,,0,0,False,1246,What are the names of all the conferences that has staff from Canada attending?,conference,spider_test,True
False,False,False,False,,,,,0,0,False,1247,List all book titles which have sale prices higher than the average.,book_1,spider_test,True
False,False,False,False,,,,,0,0,False,1248,What are the names of authors who published in both NAACL and ACL in 2009?,aan_1,spider_test,True
False,False,False,False,,,,,0,0,False,1249,Count the number of searches made by buyers.,real_estate_rentals,spider_test,True
False,False,False,False,,,,,0,0,False,1250,Show all distinct franchises of games.,video_game,spider_test,True
False,False,False,False,,,,,0,0,False,1251,Sort all store names by store open date.,headphone_store,spider_test,True
False,False,False,False,,,,,0,0,False,1252,What is the object id of the document objects?,cre_Doc_and_collections,spider_test,True
False,False,False,False,,,,,0,0,False,1253,Find the name of the district which has greatest number of spokesmen.,district_spokesman,spider_test,True
False,False,False,False,,,,,0,0,False,1254,List all distinct types of powertrain of vehicles.,vehicle_rent,spider_test,True
False,False,False,False,,,,,0,0,False,1255,"What is the subset id, name, and number of different documents for each subset?",cre_Doc_and_collections,spider_test,True
False,False,False,False,,,,,0,0,False,1256,Find the names of districts which have more than one spokesman.,district_spokesman,spider_test,True
False,False,False,False,,,,,0,0,False,1257,What are the different contents of boxes for which the value is higher than the average value across all boxes?,warehouse_1,spider_test,True
False,False,False,False,,,,,0,0,False,1258,What is the average age of sailors whose rating is 7?,boat_1,spider_test,True
False,False,False,False,,,,,0,0,False,1259,Find the locations that have paintings created before 1885 and after 1930?,art_1,spider_test,True
False,False,False,False,,,,,0,0,False,1260,Which planet has total weight of shipment greater than 30? List planet name.,planet_1,spider_test,True
False,False,False,False,,,,,0,0,False,1261,Show me the distance between Boston and Newark.,address_1,spider_test,True
False,False,False,False,,,,,0,0,False,1262,What is the location of the plane that was flown by the pilot with the lowest age?,pilot_1,spider_test,True
False,False,False,False,,,,,0,0,False,1263,What are the names and model years for vehicles that have a city fuel economy rate less than or equal to its highway fuel economy rate?,vehicle_rent,spider_test,True
False,False,False,False,,,,,0,0,False,1264,Find the total values of boxes that are not in the warehouses located at Chicago.,warehouse_1,spider_test,True
False,False,False,False,,,,,0,0,False,1265,Count the number of drivers that have raced in each series.,vehicle_driver,spider_test,True
False,False,False,False,,,,,0,0,False,1266,List the transmitters of radios in ascending order of erp kw .,tv_shows,spider_test,True
False,False,False,False,,,,,0,0,False,1267,List the names of customers in ascending order of level of membership.,restaurant_bills,spider_test,True
False,False,False,False,,,,,0,0,False,1268,How many invoices do we have?,advertising_agencies,spider_test,True
False,False,False,False,,,,,0,0,False,1269,Find the name and number of citations of the author who has most citations among all authors?,aan_1,spider_test,True
False,False,False,False,,,,,0,0,False,1270,Which state has most number of universities?,university_rank,spider_test,True
False,False,False,False,,,,,0,0,False,1271,Which students do not have any answers? Find their first names.,online_exams,spider_test,True
False,False,False,False,,,,,0,0,False,1272,What is the average card credit of customers with membership level higher than 1?,restaurant_bills,spider_test,True
False,False,False,False,,,,,0,0,False,1273,What are the product type code with at least two products?,customers_and_orders,spider_test,True
False,False,False,False,,,,,0,0,False,1274,Calculate total weight of package shipped in each planet . show the name of each planet .,planet_1,spider_test,True
False,False,False,False,,,,,0,0,False,1275,List names and addresses of all clients in alphabetical order by their names.,book_1,spider_test,True
False,False,False,False,,,,,0,0,False,1276,Show the distinct addresses of buildings.,region_building,spider_test,True
False,False,False,False,,,,,0,0,False,1277,Find the name of spokesmen who do not speak for any district.,district_spokesman,spider_test,True
False,False,False,False,,,,,0,0,False,1278,What is the receipt number and date of the receipt in which the most expensive item was bought?,bakery_1,spider_test,True
True,False,False,False,"SELECT p.Name
FROM press AS p
JOIN author AS a ON p.Author_ID = a.Author_ID
WHERE (p.Month_Profits_billion > (SELECT MAX(Month_Profits_billion) FROM press))
OR (p.Month_Profits_billion < (SELECT MIN(Month_Profits_billion) FROM press))",,,,1,0,False,1279,What are the names of the press that makes the highest monthly profit or the lowest monthly profit?,book_press,spider_test,True
False,False,False,False,,,,,0,0,False,1280,Find the name of the district which has the largest area.,district_spokesman,spider_test,True
False,False,False,False,,,,,0,0,False,1281,Show the number of documents.,cre_Doc_Workflow,spider_test,True
False,False,False,False,,,,,0,0,False,1282,Which store has the headphones in stock? Give me the store name and the total quantity.,headphone_store,spider_test,True
False,False,False,False,,,,,0,0,False,1283,Find the contents that are stored in both Chicago and New York.,warehouse_1,spider_test,True
False,False,False,False,,,,,0,0,False,1284,Find all different contents stored in New York.,warehouse_1,spider_test,True
False,False,False,False,,,,,0,0,False,1285,List in alphabetical order the titles of all movies.,movie_2,spider_test,True
False,False,False,False,,,,,0,0,False,1286,"What are the ids of users who have searched at least twice, and what did they search?",real_estate_rentals,spider_test,True
False,False,False,False,,,,,0,0,False,1287,List distinct receipt numbers for which someone bought a good that costs more than 13 dollars.,bakery_1,spider_test,True
False,False,False,False,,,,,0,0,False,1288,What are the titles of books with the highest purchase price across all books ?,book_1,spider_test,True
False,False,False,False,,,,,0,0,False,1289,What is the card credit of the customer with the highest membership level?,restaurant_bills,spider_test,True
False,False,False,False,,,,,0,0,False,1290,Please show the email addresses of students and the dates of their answers in descending order of dates.,online_exams,spider_test,True
False,False,False,False,,,,,0,0,False,1291,Give the product type codes of product types that have two or more products.,customers_and_orders,spider_test,True
False,False,False,False,,,,,0,0,False,1292,"What are the names of clubs, ordered alphabetically?",soccer_3,spider_test,True
False,False,False,False,,,,,0,0,False,1293,What is the nickname of the institution with the smallest enrollment?,institution_sports,spider_test,True
False,False,False,False,,,,,0,0,False,1294,What are the names of theaters playing 'G' rated movies?,movie_2,spider_test,True
False,False,False,False,,,,,0,0,False,1295,List all package numbers received by Leo Wong ?,planet_1,spider_test,True
False,False,False,False,,,,,0,0,False,1296,What is the name of the least popular plane?,pilot_1,spider_test,True
False,False,False,False,,,,,0,0,False,1297,Find the top 2 earpads that are mostly used.,headphone_store,spider_test,True
False,True,False,False,,"[
    {
        ""official_language"": ""English""
    },
    {
        ""official_language"": ""Spanish""
    }
]",,,0,1,False,1298,What is the official language that is most common?,country_language,spider_test,True
False,False,False,False,,,,,0,0,False,1299,What are the average and total capacities across all warehouses?,warehouse_1,spider_test,True
False,False,False,False,,,,,0,0,False,1300,How many properties are there with at least 2 features?,real_estate_rentals,spider_test,True
False,False,False,False,,,,,0,0,False,1301,Which collection subset does collection name Best in? List collection subset name.,cre_Doc_and_collections,spider_test,True
False,False,False,False,,,,,0,0,False,1302,What is the average distance between Boston and all other cities.,address_1,spider_test,True
False,False,False,False,,,,,0,0,False,1303,What are the names and dates created for all sculptures not located in gallery 226?,art_1,spider_test,True
False,False,False,False,,,,,0,0,False,1304,List the year in which the most buildings are completed.,region_building,spider_test,True
False,False,False,False,,,,,0,0,False,1305,Which locations have paintings in the mediums of on panel and on canvas?,art_1,spider_test,True
False,False,False,False,,,,,0,0,False,1306,List the names of members in ascending order of age.,club_leader,spider_test,True
False,False,False,False,,,,,0,0,False,1307,Show the first name and the last name for students living in state MD.,address_1,spider_test,True
False,False,False,False,,,,,0,0,False,1308,List the affiliations shared by more than three city channels.,tv_shows,spider_test,True
False,False,False,False,,,,,0,0,False,1309,Which venues and years did Columbia University have papers ?,aan_1,spider_test,True
False,False,False,False,,,,,0,0,False,1310,What are the countries that have drivers with points larger than 150?,car_racing,spider_test,True
False,False,False,False,,,,,0,0,False,1311,What are the names of the movie theaters that are playing 'G' or 'PG' rated movies?,movie_2,spider_test,True
False,False,False,False,,,,,0,0,False,1312,What are the ids and details of the students who take 2 courses?,cre_Students_Information_Systems,spider_test,True
False,False,False,False,,,,,0,0,False,1313,Give the average purchase price and average sale price for books.,book_1,spider_test,True
False,False,False,False,,,,,0,0,False,1314,What are the Coordinates of planet Mars?,planet_1,spider_test,True
False,True,False,False,,"[
    {
        ""sql"": ""SELECT COUNT(*) FROM PilotSkills WHERE pilot_name IN (SELECT pilot_name FROM Hangar WHERE plane_name = 'B-52') AND age < 35""
    }
]",,,0,1,False,1315,Count the number of B-52 Bombers owned by pilots under 35.,pilot_1,spider_test,True
False,False,False,False,,,,,0,0,False,1316,What are the ids of goods that cost less than 3 dollars?,bakery_1,spider_test,True
False,False,False,False,,,,,0,0,False,1317,"What are the provinces that have not only institutions founded before 1920, but also institutions founded after 1950?",institution_sports,spider_test,True
False,False,False,False,,,,,0,0,False,1318,Return the full names of users who live in properties that they own.,real_estate_rentals,spider_test,True
False,False,False,False,,,,,0,0,False,1319,Return the number of orders received for Pride and Prejudice.,book_1,spider_test,True
False,False,False,False,,,,,0,0,False,1320,List the order date of the orders who are placed by customers with at least 2 payment methods.,e_commerce,spider_test,True
False,False,False,False,,,,,0,0,False,1321,What are the types of powertrains that have vehicles that were made in both 2013 and 2014?,vehicle_rent,spider_test,True
False,False,False,False,,,,,0,0,False,1322,"What are the names of languages that contain the word ""ish""?",country_language,spider_test,True
False,False,False,False,,,,,0,0,False,1323,What are the names of the conferences that have the top 2 most people attending?,conference,spider_test,True
False,False,False,False,,,,,0,0,False,1324,List all player names in ascending alphabetical order.,video_game,spider_test,True
False,False,False,False,,,,,0,0,False,1325,"What are the titles and paper ids co-authored by Mckeown, Kathleen and Rambow, Owen?",aan_1,spider_test,True
False,False,False,False,,,,,0,0,False,1326,Count the number of papers.,aan_1,spider_test,True
False,False,False,False,,,,,0,0,False,1327,What are the manager and car owner of the team that has at least 2 drivers?,car_racing,spider_test,True
False,False,False,False,,,,,0,0,False,1328,What is the number of all packages that Leo Wong sent?,planet_1,spider_test,True
False,False,False,False,,,,,0,0,False,1329,Count the number of institutions.,institution_sports,spider_test,True
False,False,False,False,,,,,0,0,False,1330,What are the names of all parent collections of the collection named Nice?,cre_Doc_and_collections,spider_test,True
False,False,False,False,,,,,0,0,False,1331,Show all author names.,cre_Doc_Workflow,spider_test,True
False,False,False,False,,,,,0,0,False,1332,what is the total weight of all packages shipped on Mars?,planet_1,spider_test,True
False,False,False,False,,,,,0,0,False,1333,Show the ids and names for all documents by author Bianka Cummings.,cre_Doc_Workflow,spider_test,True
False,False,False,False,,,,,0,0,False,1334,Count the number of agencies.,advertising_agencies,spider_test,True
False,False,False,False,,,,,0,0,False,1335,"What are the titles and developers of all games, sorted by units sold descending?",video_game,spider_test,True
False,False,False,False,,,,,0,0,False,1336,Show the names of clients who have ordered at least once.,book_1,spider_test,True
False,False,False,False,,,,,0,0,False,1337,Find the birth years of all distinct artists who made sculptures after 1920?,art_1,spider_test,True
False,False,False,False,,,,,0,0,False,1338,What are all meeting outcomes and purposes?,advertising_agencies,spider_test,True
False,False,False,False,,,,,0,0,False,1339,Return the id of the vehicle that has been driven the fewest times.,vehicle_driver,spider_test,True
False,False,False,False,,,,,0,0,False,1340,Show the types of books that have both books with more than 75 chapters and books with less than 50 chapters.,book_review,spider_test,True
False,False,False,False,,,,,0,0,False,1341,How many movies have a rating that is not null?,movie_2,spider_test,True
False,False,False,False,,,,,0,0,False,1342,What are the name and citizenship of the drivers who have driven the vehicle model 'DJ1'?,vehicle_driver,spider_test,True
False,False,False,False,,,,,0,0,False,1343,Show ids for all female (sex is F) students living in state PA.,address_1,spider_test,True
False,False,False,False,,,,,0,0,False,1344,How many number of products does each gender of customers buy? List the gender and the number,e_commerce,spider_test,True
False,False,False,False,,,,,0,0,False,1345,Find the biographical data and details of students who got not only the most common result but also a result that is obtained by 3 students in behaviour monitoring.,cre_Students_Information_Systems,spider_test,True
False,False,False,False,,,,,0,0,False,1346,Return the list of distinct headphone models ordered alphabetically.,headphone_store,spider_test,True
False,False,False,False,,,,,0,0,False,1347,What are the names of movies that do not have any ratings?,movie_2,spider_test,True
False,False,False,False,,,,,0,0,False,1348,Which employees have salaries between 5000 and 10000? List employees' name.,planet_1,spider_test,True
False,False,False,False,,,,,0,0,False,1349,List all product type codes and the number of products in each type.,customers_and_orders,spider_test,True
False,False,False,False,,,,,0,0,False,1350,"What are the names of all vehicles, ordered by model year descending?",vehicle_rent,spider_test,True
False,False,False,False,,,,,0,0,False,1351,"Show the title of games that are played by both players from college ""Oklahoma"" and players from college ""Auburn"".",video_game,spider_test,True
False,False,False,False,,,,,0,0,False,1352,Return the names and citizenships of drivers who have driven the vehicle with the model 'DJ1'.,vehicle_driver,spider_test,True
False,False,False,False,,,,,0,0,False,1353,What are all the distinct states?,address_1,spider_test,True
False,False,False,False,,,,,0,0,False,1354,What is the average purchase price and the average sale price?,book_1,spider_test,True
False,False,False,False,,,,,0,0,False,1355,What is the title of the book written by George Orwell that has the lowest sale price?,book_1,spider_test,True
False,False,False,False,,,,,0,0,False,1356,How many students got the most common result in the behavioral monitoring details? Also list the result details.,cre_Students_Information_Systems,spider_test,True
False,False,False,False,,,,,0,0,False,1357,What are the names of every movie that is not playing at the Odeon theater?,movie_2,spider_test,True
False,False,False,False,,,,,0,0,False,1358,What are the venues and years where Columbia University had papers ?,aan_1,spider_test,True
False,False,False,False,,,,,0,0,False,1359,Return the top speed and power of the vehicle that was built in the year 1996.,vehicle_driver,spider_test,True
False,False,False,False,,,,,0,0,False,1360,What are the different locations of warehouses?,warehouse_1,spider_test,True
False,False,False,False,,,,,0,0,False,1361,What is the total quantities of dishes ordered by each customer ? List the customer name and the total quantity .,restaurant_bills,spider_test,True
False,False,False,False,,,,,0,0,False,1362,Find the total value of boxes in the warehouses located at Chicago or New York.,warehouse_1,spider_test,True
False,False,False,False,,,,,0,0,False,1363,"How many courses does each student take? List the student id, the student biographical data and the course count.",cre_Students_Information_Systems,spider_test,True
False,False,False,False,,,,,0,0,False,1364,What is the id of the oldest painting?,art_1,spider_test,True
False,False,False,False,,,,,0,0,False,1365,What are the names of the top 3 affiliations that have the most papers in year 2009?,aan_1,spider_test,True
False,False,False,False,,,,,0,0,False,1366,What are the names of customers who use the least common payment method?,customers_and_orders,spider_test,True
False,False,False,False,,,,,0,0,False,1367,Find the average and maximum yearly profit for each press.,book_press,spider_test,True
False,False,False,False,,,,,0,0,False,1368,What are all locations that have hosted at least two conferences?,conference,spider_test,True
False,False,False,False,,,,,0,0,False,1369,What are the first names of all buyers and what products did they buy? List them in pairs.,e_commerce,spider_test,True
False,False,False,False,,,,,0,0,False,1370,Show the meeting type codes and the number of meeting for each client.,advertising_agencies,spider_test,True
False,False,False,False,,,,,0,0,False,1371,"What are the winning drivers and teams of races, ordered alphabetically by team?",car_road_race,spider_test,True
False,False,False,False,,,,,0,0,False,1372,"What is the name, city, and state of the university with number 1 ranked Accounting major?",university_rank,spider_test,True
False,False,False,False,,,,,0,0,False,1373,What is the ids of sailors that haven’t reserved a boat?,boat_1,spider_test,True
False,False,False,False,,,,,0,0,False,1374,What are the three dates for which the most receipts were given?,bakery_1,spider_test,True
False,False,False,False,,,,,0,0,False,1375,Return the unique names of sailors who are older than any sailors whose rating is larger than 7.,boat_1,spider_test,True
False,False,False,False,,,,,0,0,False,1376,Return the models of vehicles that have never been driven.,vehicle_driver,spider_test,True
False,False,False,False,,,,,0,0,False,1377,What are the last names of the customers in alphabetical order?,bakery_1,spider_test,True
False,False,False,False,,,,,0,0,False,1378,What are the names of every theater with at least one movie playing?,movie_2,spider_test,True
False,False,False,False,,,,,0,0,False,1379,return the details of the customer with largest count of used services.,government_shift,spider_test,True
False,False,False,False,,,,,0,0,False,1380,What is the unique id of every painter who had a medium oil painting displayed at gallery 240?,art_1,spider_test,True
False,False,False,False,,,,,0,0,False,1381,"What are the names of the countries, as well as the names of their official langauges?",country_language,spider_test,True
False,False,False,False,,,,,0,0,False,1382,List all owner of documents that is related to documents owned by Braeden.,cre_Doc_and_collections,spider_test,True
False,False,False,False,,,,,0,0,False,1383,What are the login names and passwords of the customers whose phone number have the prefix '+12'?,e_commerce,spider_test,True
False,False,False,False,,,,,0,0,False,1384,What is all the information about the unrated movies?,movie_2,spider_test,True
False,False,False,False,,,,,0,0,False,1385,What is the cheapest cookie and its flavor?,bakery_1,spider_test,True
False,False,False,False,,,,,0,0,False,1386,"Show the maximum points of the drivers from countries with capital ""Dublin""",car_racing,spider_test,True
False,False,False,False,,,,,0,0,False,1387,What is the agent id and details for the agency with most staff?,advertising_agencies,spider_test,True
False,False,False,False,,,,,0,0,False,1388,What is the maximum and the minimum sale price?,book_1,spider_test,True
False,False,False,False,,,,,0,0,False,1389,How many staff have attended a meeting?,advertising_agencies,spider_test,True
False,False,False,False,,,,,0,0,False,1390,How many sailors whose name starts with letter D exist ?,boat_1,spider_test,True
False,False,False,False,,,,,0,0,False,1391,What is the most common analytical layer type code?,government_shift,spider_test,True
False,False,False,False,,,,,0,0,False,1392,How many plane B-52 Bomber owned by the pilot who is under 35?,pilot_1,spider_test,True
False,False,False,False,,,,,0,0,False,1393,Find the team with two or more drivers and return the the manager and car owner of the team.,car_racing,spider_test,True
False,False,False,False,,,,,0,0,False,1394,"List the painting id, location and title of the medium oil paintings ordered by year.",art_1,spider_test,True
False,False,False,False,,,,,0,0,False,1395,Count the number of books.,book_1,spider_test,True
False,False,False,False,,,,,0,0,False,1396,What latitude and longitude correspond to Baltimore?,address_1,spider_test,True
False,False,False,False,,,,,0,0,False,1397,"What are the average city fuel economy rate, average highway fuel economy rate for different types of powertrains?",vehicle_rent,spider_test,True
False,False,False,False,,,,,0,0,False,1398,"List the ids, names, and government websites of all districts sorted by population.",district_spokesman,spider_test,True
False,False,False,False,,,,,0,0,False,1399,Return the name of the oldest pilot.,pilot_1,spider_test,True
False,False,False,False,,,,,0,0,False,1400,List all shipment ids for the planet Mars.,planet_1,spider_test,True
False,False,False,False,,,,,0,0,False,1401,How many different types of contents are stored in each warehouse?,warehouse_1,spider_test,True
False,False,False,False,,,,,0,0,False,1402,Please list the names of races with drivers aged 26 or older participating.,car_road_race,spider_test,True
False,False,False,False,,,,,0,0,False,1403,"What are the dates of the exams whose subject code contains the substring ""data""? Return them in descending order of dates.",online_exams,spider_test,True
False,False,False,False,,,,,0,0,False,1404,What are the titles of paintings that have a width less than 600 or a height taller taller than 800?,art_1,spider_test,True
False,False,False,False,,,,,0,0,False,1405,Return the ordered list of all good ids.,bakery_1,spider_test,True
False,False,False,False,,,,,0,0,False,1406,List all product names in descending order of price.,customers_and_orders,spider_test,True
False,False,False,False,,,,,0,0,False,1407,What is the total number of championship of institution with public affiliation?,institution_sports,spider_test,True
False,False,False,False,,,,,0,0,False,1408,Show all locations where at least two conferences are located.,conference,spider_test,True
False,False,False,False,,,,,0,0,False,1409,Show ids for all students who don't live in USA.,address_1,spider_test,True
True,False,False,False,"SELECT c.customer_id, c.customer_name, c.customer_address, COUNT(o.order_id) AS order_count
FROM Customers c
JOIN Customer_Orders co ON c.customer_id = co.customer_id
JOIN Order_Items o ON co.order_id = o.order_id
GROUP BY c.customer_id, c.customer_name, c.customer_address
ORDER BY order_count DESC
LIMIT 10",,,,1,0,False,1410,"What is the customer id, name, phone, and email for the customer with most orders?",customers_and_orders,spider_test,True
False,False,False,False,,,,,0,0,False,1411,"What are the id, language and original artist of the songs whose name is not 'Love'?",sing_contest,spider_test,True
False,False,False,False,,,,,0,0,False,1412,Show the name and total hours of renting for each vehicle.,vehicle_rent,spider_test,True
False,False,False,False,,,,,0,0,False,1413,"What are the color, description and size of the products priced below the maximum price.",e_commerce,spider_test,True
False,False,False,False,,,,,0,0,False,1414,"What are the names of languages, in alphabetical order?",country_language,spider_test,True
False,False,False,False,,,,,0,0,False,1415,Find the warehouses which store contents Rocks or Scissors.,warehouse_1,spider_test,True
False,False,False,False,,,,,0,0,False,1416,"What are the payment ids, invoice ids, and payment details for all payments?",advertising_agencies,spider_test,True
False,False,False,False,,,,,0,0,False,1417,How many different contents are stored in boxes?,warehouse_1,spider_test,True
False,False,False,False,,,,,0,0,False,1418,Please show the first names of the students that have at least two answer records.,online_exams,spider_test,True
False,False,False,False,,,,,0,0,False,1419,Find the name of the publisher whose monthly profit is the highest or the lowest.,book_press,spider_test,True
False,False,False,False,,,,,0,0,False,1420,What is average price of goods whose flavor is blackberry or blueberry?,bakery_1,spider_test,True
False,False,False,False,,,,,0,0,False,1421,Which order have the least sum of the product prices. List the order id and sum.,e_commerce,spider_test,True
False,False,False,False,,,,,0,0,False,1422,What are the codes of boxes stored in warehouses in Chicago?,warehouse_1,spider_test,True
False,False,False,False,,,,,0,0,False,1423,Which employees have clearance in Omega III? List employees' name.,planet_1,spider_test,True
False,False,False,False,,,,,0,0,False,1424,Find the names and years of all sculptures that are not located in gallery 226.,art_1,spider_test,True
False,False,False,False,,,,,0,0,False,1425,Find the death year of all artists who have at most 3 paintings?,art_1,spider_test,True
False,False,False,False,,,,,0,0,False,1426,Please list the title of games with platforms that have market district in Asia or USA.,video_game,spider_test,True
False,False,False,False,,,,,0,0,False,1427,Which students never had a detention or student loan ? Find their biographical data .,cre_Students_Information_Systems,spider_test,True
False,False,False,False,,,,,0,0,False,1428,"List the year, location and title of paintings whose height is longer than 1000 ordered by title.",art_1,spider_test,True
False,False,False,False,,,,,0,0,False,1429,List all states with at least two cities.,address_1,spider_test,True
False,False,False,False,,,,,0,0,False,1430,What is the total number of universities located in Illinois or Ohio?,university_rank,spider_test,True
False,False,False,False,,,,,0,0,False,1431,"Find all the customers whose name contains ""Kutch"".",government_shift,spider_test,True
False,False,False,False,,,,,0,0,False,1432,What are the planes owned by pilot Smith with age 41?,pilot_1,spider_test,True
False,False,False,False,,,,,0,0,False,1433,"List the station names of city channels whose affiliation is not ""ABC"".",tv_shows,spider_test,True
False,False,False,False,,,,,0,0,False,1434,Show the customers with total quantity of order bigger than 1.,restaurant_bills,spider_test,True
False,False,False,False,,,,,0,0,False,1435,Show names for all vehicles in descending order of model year.,vehicle_rent,spider_test,True
False,False,False,False,,,,,0,0,False,1436,Find the neighborhood where no headphones are in stock.,headphone_store,spider_test,True
False,False,False,False,,,,,0,0,False,1437,"Sort the buildings in descending order of building completion year, and return the building addresses.",region_building,spider_test,True
False,False,False,False,,,,,0,0,False,1438,Return the average price of Clothes.,customers_and_orders,spider_test,True
False,False,False,False,,,,,0,0,False,1439,Find the number of authors who did not publish any paper that is cited more than 50 times.,aan_1,spider_test,True
False,False,False,False,,,,,0,0,False,1440,How many drivers have not driven any cars?,vehicle_driver,spider_test,True
False,False,False,False,,,,,0,0,False,1441,What are the distinct ids of all goods that are cheaper than some goods of type Tart?,bakery_1,spider_test,True
False,False,False,False,,,,,0,0,False,1442,What is the average price of products for each product type?,customers_and_orders,spider_test,True
False,False,False,False,,,,,0,0,False,1443,Show the names for authors with at least two documents.,cre_Doc_Workflow,spider_test,True
False,False,False,False,,,,,0,0,False,1444,Which students have gone through any event? List the students' biographical data and event date.,cre_Students_Information_Systems,spider_test,True
False,False,False,False,,,,,0,0,False,1445,Show all client ids and the number of invoices for each client.,advertising_agencies,spider_test,True
False,False,False,False,,,,,0,0,False,1446,Select the warehouse codes along with the number of boxes in each warehouse.,warehouse_1,spider_test,True
False,False,False,False,,,,,0,0,False,1447,Select the codes of all warehouses that are above capacity.,warehouse_1,spider_test,True
False,False,False,False,,,,,0,0,False,1448,"What is the name, city, state of the university with a rank 1 on Accounting major?",university_rank,spider_test,True
False,False,False,False,,,,,0,0,False,1449,How many child collection does the collection named Best has?,cre_Doc_and_collections,spider_test,True
False,False,False,False,,,,,0,0,False,1450,What are the names of regions in ascending alphabetical order?,region_building,spider_test,True
False,False,False,False,,,,,0,0,False,1451,List the details for all the pairs of teachers and students who are in the same class.,cre_Students_Information_Systems,spider_test,True
False,False,False,False,,,,,0,0,False,1452,Show all agency ids and details for agencies with a client.,advertising_agencies,spider_test,True
False,False,False,False,,,,,0,0,False,1453,What are the receipt numbers for which either an apple flavor pie was purchased or the customer with id 12 shopped?,bakery_1,spider_test,True
False,False,False,False,,,,,0,0,False,1454,"What are the different room sizes, and how many of each are there?",real_estate_rentals,spider_test,True
False,False,False,False,,,,,0,0,False,1455,"What are the date stamps and property names for each item of property history, ordered by date stamp?",real_estate_rentals,spider_test,True
False,False,False,False,,,,,0,0,False,1456,Count the number of different earpads.,headphone_store,spider_test,True
False,False,False,False,,,,,0,0,False,1457,What are the maximum height and id of paintings painted before 1900?,art_1,spider_test,True
False,False,False,False,,,,,0,0,False,1458,Find the total quantity of headphones stored in the Woodman store.,headphone_store,spider_test,True
True,True,True,True,SELECT p.product_price FROM Products p JOIN Customers c ON p.customer_id = c.customer_id WHERE p.product_type_code = 'Monitor',"{
    ""sql"": ""SELECT p.product_price FROM Products p JOIN Customers c ON p.customer_id = c.customer_id WHERE p.product_type_code = 'Monitor'""
}","{'sql': ""SELECT p.product_price FROM Products p JOIN Customers c ON p.customer_id = c.customer_id WHERE p.product_type_code = 'Monitor'""}",,1,1,False,1459,Give the price of the Monitor product.,customers_and_orders,spider_test,True
True,False,False,False,"SELECT Affiliation, COUNT(*) as Total_Affiliations FROM institution INNER JOIN championship ON institution.Institution_ID = championship.Institution_ID GROUP BY Affiliation ORDER BY Total_Affiliations DESC LIMIT 1",,,,1,0,False,1460,What is the most common type of affiliation for institutions?,institution_sports,spider_test,True
False,False,False,False,,,,,0,0,False,1461,What the the student ids for students not living in the USA?,address_1,spider_test,True
False,False,False,False,,,,,0,0,False,1462,What are the maximum and minimum number of chapters for each book?,book_review,spider_test,True
False,False,False,False,,,,,0,0,False,1463,When did the user with login name ratione register?,real_estate_rentals,spider_test,True
False,False,False,False,,,,,0,0,False,1464,How many cities are there in each country?,address_1,spider_test,True
False,False,False,False,,,,,0,0,False,1465,"Find the titles and paper IDs for papers which have Mckeown, Kathleen or Rambow, Owen in author list.",aan_1,spider_test,True
False,False,False,False,,,,,0,0,False,1466,List all the author names.,book_1,spider_test,True
False,False,False,False,,,,,0,0,False,1467,List the titles of books in ascending alphabetical order.,book_review,spider_test,True
False,False,False,False,,,,,0,0,False,1468,What is the name of the university that has most number of majors with rank 1?,university_rank,spider_test,True
False,False,False,False,,,,,0,0,False,1469,"What are the average, minimum and maximum prices for each food?",bakery_1,spider_test,True
False,False,False,False,,,,,0,0,False,1470,How many planes are owned by the pilot whose name is Smith?,pilot_1,spider_test,True
False,False,False,False,,,,,0,0,False,1471,"What are the types of powertrains for which there are two or more vehicles, and what are their average annual fuel costs?",vehicle_rent,spider_test,True
False,False,False,False,,,,,0,0,False,1472,What are the constructors who are used by both drivers who are younger than 20 and drivers older than 30?,car_road_race,spider_test,True
False,False,False,False,,,,,0,0,False,1473,Count the number of planes Smith owns.,pilot_1,spider_test,True
False,False,False,False,,,,,0,0,False,1474,"What is the process name for the document ""Travel to Brazil""?",cre_Doc_Workflow,spider_test,True
False,False,False,False,,,,,0,0,False,1475,Find the names of sailors who reserved boat with the name Melon.,boat_1,spider_test,True
False,False,False,False,,,,,0,0,False,1476,In how many different warehouses are Rocks stored within boxes?,warehouse_1,spider_test,True
False,False,False,False,,,,,0,0,False,1477,How many courses do students take at most? Also find the id of the student who takes the most courses.,cre_Students_Information_Systems,spider_test,True
False,False,False,False,,,,,0,0,False,1478,List all process ids with no document.,cre_Doc_Workflow,spider_test,True
False,False,False,False,,,,,0,0,False,1479,List the details of the teachers who teach some class whose detail has the substring 'data' but do not teach a class whose detail contains the prefix 'net',cre_Students_Information_Systems,spider_test,True
False,False,False,False,,,,,0,0,False,1480,"For each student answer, find the first name of the student and the date of the answer.",online_exams,spider_test,True
False,False,False,False,,,,,0,0,False,1481,List all distinct conference names.,conference,spider_test,True
False,False,False,False,,,,,0,0,False,1482,"Find the headphone classes that contain both headphones using ""Bowls"" earpads and headphones using ""Comfort Pads"" earpads.",headphone_store,spider_test,True
False,False,False,False,,,,,0,0,False,1483,Which employees do not have clearance in Mars? List employee's name.,planet_1,spider_test,True
False,False,False,False,,,,,0,0,False,1484,Find the number of movies in each rating.,movie_2,spider_test,True
False,False,False,False,,,,,0,0,False,1485,Find all the details of the customers who have been involved in an interaction with status `` Stuck '' and service and channel detail `` bad '' .,government_shift,spider_test,True
False,False,False,False,,,,,0,0,False,1486,Find the ids of paintings whose height is bigger than 500 and less than 2000?,art_1,spider_test,True
False,False,False,False,,,,,0,0,False,1487,How many different movies are playing?,movie_2,spider_test,True
False,False,False,False,,,,,0,0,False,1488,Find the number of papers published in different conferences each year.,aan_1,spider_test,True
False,False,False,False,,,,,0,0,False,1489,Which headphone models do not have any stock in any store?,headphone_store,spider_test,True
False,False,False,False,,,,,0,0,False,1490,How many authors have not published a paper with more than 50 citations?,aan_1,spider_test,True
False,False,False,False,,,,,0,0,False,1491,List details of all the channel in alphabetical order .,government_shift,spider_test,True
False,False,False,False,,,,,0,0,False,1492,Find the name of theaters that has at least one movie playing.,movie_2,spider_test,True
False,False,False,False,,,,,0,0,False,1493,How is the feature rooftop described?,real_estate_rentals,spider_test,True
False,False,False,False,,,,,0,0,False,1494,Find all receipts which either has the earliest date or has a good with price above 10.,bakery_1,spider_test,True
False,False,False,False,,,,,0,0,False,1495,Which franchise has the most games?,video_game,spider_test,True
False,False,False,False,,,,,0,0,False,1496,What is the distance between the cities where Linda Smith and Tracy Kim live?,address_1,spider_test,True
False,False,False,False,,,,,0,0,False,1497,What are the average values of boxes for each warehouse than has an average value greater than 150?,warehouse_1,spider_test,True
False,False,False,False,,,,,0,0,False,1498,Find the headphone class that does not contain more than two headphones.,headphone_store,spider_test,True
False,False,False,False,,,,,0,0,False,1499,What are the titles of books that have a sale price equal to the lowest sale price across all books ?,book_1,spider_test,True
False,False,False,False,,,,,0,0,False,1500,Find the most common result in the behavioral monitoring details. What are the count and the details of this result?,cre_Students_Information_Systems,spider_test,True
False,False,False,False,,,,,0,0,False,1501,Which unique subset does document owned by Braeden belong to? List the subset name.,cre_Doc_and_collections,spider_test,True
False,False,False,False,,,,,0,0,False,1502,What are the names of clubs that have players who have won more than twice?,soccer_3,spider_test,True
False,False,False,False,,,,,0,0,False,1503,Return the ids and names of the districts whose population is larger than 4000 or area bigger than 3000.,district_spokesman,spider_test,True
False,False,False,False,,,,,0,0,False,1504,Show names of players and names of clubs they are in.,soccer_3,spider_test,True
False,False,False,False,,,,,0,0,False,1505,Show the conference name and year and the number of participants for each conference.,conference,spider_test,True
False,False,False,False,,,,,0,0,False,1506,Count the number of different customers who have bought a Monitor Product.,customers_and_orders,spider_test,True
False,False,False,False,,,,,0,0,False,1507,Find the first and last name of artists who have painting but no sculpture work.,art_1,spider_test,True
False,False,False,False,,,,,0,0,False,1508,How many goods are available for each food type?,bakery_1,spider_test,True
True,False,False,False,SELECT Driver_Name FROM driver WHERE Driver_ID IS NULL OR Driver_ID IS NOT NULL AND Driver_ID NOT IN (SELECT Driver_ID FROM race),,,,1,0,False,1509,What are names of drivers who did not take part in a race?,car_road_race,spider_test,True
False,False,False,False,,,,,0,0,False,1510,"What are the different names, prices, and descriptions for all products bought by female customers?",e_commerce,spider_test,True
False,False,False,False,,,,,0,0,False,1511,"What are the names of pilots whose age is below the average age, ordered by age?",pilot_1,spider_test,True
False,False,False,False,,,,,0,0,False,1512,List the last names of all customers in an alphabetical order.,bakery_1,spider_test,True
False,False,False,False,,,,,0,0,False,1513,"Which product are listed in orders most frequently? List the id, product name and price.",e_commerce,spider_test,True
False,False,False,False,,,,,0,0,False,1514,What is the full name of the customer who visited on the earliest date?,bakery_1,spider_test,True
False,False,False,False,,,,,0,0,False,1515,Find the make that has more than one team.,car_racing,spider_test,True
False,False,False,False,,,,,0,0,False,1516,Show the names of languages that are the official language for both countries with overall score greater than 95 and countries with overall score less than than 90.,country_language,spider_test,True
False,False,False,False,,,,,0,0,False,1517,List top 10 most cited papers and their numbers of citations.,aan_1,spider_test,True
False,False,False,False,,,,,0,0,False,1518,What are all the different package numbers that Leo Wong sent or received?,planet_1,spider_test,True
False,False,False,False,,,,,0,0,False,1519,List id of documents that in document subset Best for 2000 or in collection named Best.,cre_Doc_and_collections,spider_test,True
False,False,False,False,,,,,0,0,False,1520,"Order all of the oil paintings by date of creation and list their ids, locations, and titles.",art_1,spider_test,True
False,False,False,False,,,,,0,0,False,1521,How many sailors exist?,boat_1,spider_test,True
False,False,False,False,,,,,0,0,False,1522,"Show name, city, and state for all universities in  alphabetical order of university name.",university_rank,spider_test,True
False,False,False,False,,,,,0,0,False,1523,Find the number of boxes saved in each warehouse.,warehouse_1,spider_test,True
False,False,False,False,,,,,0,0,False,1524,Calculate total weight of package shipped on Mars.,planet_1,spider_test,True
False,False,False,False,,,,,0,0,False,1525,Select the average value of all the boxes.,warehouse_1,spider_test,True
False,False,False,False,,,,,0,0,False,1526,"What is the average, minimum, maximum distance between two cities?",address_1,spider_test,True
False,False,False,False,,,,,0,0,False,1527,Return the sale prices of books authored by Plato.,book_1,spider_test,True
False,False,False,False,,,,,0,0,False,1528,What are the address details and biographical information of each student?,cre_Students_Information_Systems,spider_test,True
False,False,False,False,,,,,0,0,False,1529,What level is Physician?,planet_1,spider_test,True
False,False,False,False,,,,,0,0,False,1530,List the names of institutions with at least one championship.,institution_sports,spider_test,True
False,False,False,False,,,,,0,0,False,1531,Find the biographical data and event date for students who participated in any events.,cre_Students_Information_Systems,spider_test,True
False,False,False,False,,,,,0,0,False,1532,Show the nations that have both members older than 22 and members younger than 19.,club_leader,spider_test,True
False,False,False,False,,,,,0,0,False,1533,Show all the distinct ratings in the database.,movie_2,spider_test,True
False,False,False,False,,,,,0,0,False,1534,Find the number of pilots whose age is younger than all pilots whose plane is F-14 Fighter.,pilot_1,spider_test,True
False,False,False,False,,,,,0,0,False,1535,Find the name of authors who have never published a paper in ACL.,aan_1,spider_test,True
False,False,False,False,,,,,0,0,False,1536,Show all product names with price higher than the average.,customers_and_orders,spider_test,True
False,False,False,False,,,,,0,0,False,1537,Give the city name of the city with greatest distance from Boston.,address_1,spider_test,True
False,False,False,False,,,,,0,0,False,1538,How many cities are in each state?,address_1,spider_test,True
False,False,False,False,,,,,0,0,False,1539,List the winning drivers and winning teams of races in ascending alphabetical order of winning team.,car_road_race,spider_test,True
False,False,False,False,,,,,0,0,False,1540,What is the last name of the customers who shopped at the bakery more than 10 times?,bakery_1,spider_test,True
False,False,False,False,,,,,0,0,False,1541,What are largest height and width dimensions for paintings in each year?,art_1,spider_test,True
False,False,False,False,,,,,0,0,False,1542,"Show the student answer texts that received both ""Normal"" and ""Absent"" as comments.",online_exams,spider_test,True
False,False,False,False,,,,,0,0,False,1543,How many hardware type products do we have?,customers_and_orders,spider_test,True
False,False,False,False,,,,,0,0,False,1544,What are the names of all planets tjat have a total shipment weight greater than 30?,planet_1,spider_test,True
False,False,False,False,,,,,0,0,False,1545,Show the number of staff roles.,cre_Doc_Workflow,spider_test,True
False,False,False,False,,,,,0,0,False,1546,Find the unique id of the painters who had medium oil paintings exhibited at gallery 240?,art_1,spider_test,True
False,False,False,False,,,,,0,0,False,1547,What is Turanga Leela's salary and position?,planet_1,spider_test,True
False,False,False,False,,,,,0,0,False,1548,How many distinct provinces are the institutions in?,institution_sports,spider_test,True
False,False,False,False,,,,,0,0,False,1549,Return the average top speed across all vehicles.,vehicle_driver,spider_test,True
False,False,False,False,,,,,0,0,False,1550,What are the titles of all the movies that played at the Odeon or Imperial theater?,movie_2,spider_test,True
False,False,False,False,,,,,0,0,False,1551,"What are the names, ids, and number of orders made for each customer?",customers_and_orders,spider_test,True
False,False,False,False,,,,,0,0,False,1552,What are the titles for papers with more than 50 citations?,aan_1,spider_test,True
False,False,False,False,,,,,0,0,False,1553,Find the name of the cinemas that are playing movies with either rating ‘G’ or rating ‘PG’.,movie_2,spider_test,True
False,False,False,False,,,,,0,0,False,1554,What are the location and medium type of paintings that are created by the artist whose first name is Pablo?,art_1,spider_test,True
False,False,False,False,,,,,0,0,False,1555,"What are the ids, names and popularity of the participants, order by the number of songs they perform?",sing_contest,spider_test,True
False,False,False,False,,,,,0,0,False,1556,What are the prices and sizes of all products whose price is above the mean?,e_commerce,spider_test,True
False,False,False,False,,,,,0,0,False,1557,List all collections' subset. List the subsets' names.,cre_Doc_and_collections,spider_test,True
False,False,False,False,,,,,0,0,False,1558,"Return the names of pilots who are older than any pilot who has flown Piper Cub, ordered alphabetically.",pilot_1,spider_test,True
False,False,False,False,,,,,0,0,False,1559,"For each type of food, what are the average, maximum and minimum price?",bakery_1,spider_test,True
False,False,False,False,,,,,0,0,False,1560,What are the first and last names of the artist who lived the longest?,art_1,spider_test,True
False,False,False,False,,,,,0,0,False,1561,What are the codes of boxes stored in warehouses in either Chicago or New York?,warehouse_1,spider_test,True
False,False,False,False,,,,,0,0,False,1562,Show the meeting ids and the number of staff in each meeting.,advertising_agencies,spider_test,True
False,False,False,False,,,,,0,0,False,1563,"What are the different plane names, and what are the names of the oldest pilot who has each, ordered by plane name?",pilot_1,spider_test,True
False,False,False,False,,,,,0,0,False,1564,Count the number of authors.,book_1,spider_test,True
False,False,False,False,,,,,0,0,False,1565,What is the date of all orders that have been placed by customers with at least 2 payment methods?,e_commerce,spider_test,True
False,False,False,False,,,,,0,0,False,1566,Find the name of the conferences that have the top 2 most number of attendants.,conference,spider_test,True
False,False,False,False,,,,,0,0,False,1567,Return the earliest date of loan in the record.,cre_Students_Information_Systems,spider_test,True
False,False,False,False,,,,,0,0,False,1568,What is the name of every sailor whose name contains the letter e?,boat_1,spider_test,True
False,False,False,False,,,,,0,0,False,1569,Show the number of clients.,advertising_agencies,spider_test,True
False,False,False,False,,,,,0,0,False,1570,When was the transcript issued for the student with loan of maximum value?,cre_Students_Information_Systems,spider_test,True
False,False,False,False,,,,,0,0,False,1571,List team name for all universities with enrollments above the average.,university_rank,spider_test,True
False,False,False,False,,,,,0,0,False,1572,"Find the total, average, and maximum capacity for different locations.",warehouse_1,spider_test,True
False,False,False,False,,,,,0,0,False,1573,What is the name of the scuplture that was created most recently ?,art_1,spider_test,True
False,False,False,False,,,,,0,0,False,1574,What are the city name and average distances from each city?,address_1,spider_test,True
False,False,False,False,,,,,0,0,False,1575,Give the state that has the most students.,address_1,spider_test,True
False,False,False,False,,,,,0,0,False,1576,"List all Book titles, ISBNs, and sale prices.",book_1,spider_test,True
False,False,False,False,,,,,0,0,False,1577,What are the titles and ratings of books?,book_review,spider_test,True
False,False,False,False,,,,,0,0,False,1578,What are the maximum and minimum enrollment of all institutions?,institution_sports,spider_test,True
False,False,False,False,,,,,0,0,False,1579,Count the number of staff.,advertising_agencies,spider_test,True
False,False,False,False,,,,,0,0,False,1580,Find the top three dates with the most receipts.,bakery_1,spider_test,True
False,False,False,False,,,,,0,0,False,1581,"What is the average number of readers for books of type ""Novel""?",book_review,spider_test,True
False,False,False,False,,,,,0,0,False,1582,"Give the average, minimum, and maximum distances between two cities.",address_1,spider_test,True
False,False,False,False,,,,,0,0,False,1583,Count the number of services.,government_shift,spider_test,True
False,False,False,False,,,,,0,0,False,1584,List all shipment ids on the planet Mars or under the management of Turanga Leela.,planet_1,spider_test,True
False,False,False,False,,,,,0,0,False,1585,Find all the receipt numbers in which customer with last name LOGAN purchased Croissant.,bakery_1,spider_test,True
False,False,False,False,,,,,0,0,False,1586,Find the book series that have some book selling more than 1000 and some book less 500.,book_press,spider_test,True
False,False,False,False,,,,,0,0,False,1587,What is the package number and weight of the 3 lightest packages?,planet_1,spider_test,True
False,False,False,False,,,,,0,0,False,1588,What are the distinct ids of every painting that is older than some painting in gallery 240?,art_1,spider_test,True
False,False,False,False,,,,,0,0,False,1589,List all pilot names sorted by their ages in the descending order.,pilot_1,spider_test,True
False,False,False,False,,,,,0,0,False,1590,Who are the constructors of drivers sorted by drivers' age in ascending order?,car_road_race,spider_test,True
False,False,False,False,,,,,0,0,False,1591,Find the name and id of Sailors (sid) that reserved red and blue boat.,boat_1,spider_test,True
False,False,False,False,,,,,0,0,False,1592,Find the login names of all senior citizen users ordered by their first names.,real_estate_rentals,spider_test,True
False,False,False,False,,,,,0,0,False,1593,Count the number of races.,car_road_race,spider_test,True
False,False,False,False,,,,,0,0,False,1594,What are the vehicle ids and models which have been driven by more than 2 drivers or been driven by the driver named 'Jeff Gordon'?,vehicle_driver,spider_test,True
False,False,False,False,,,,,0,0,False,1595,Which planets that have exact one employee has clearance? List planets' name.,planet_1,spider_test,True
False,False,False,False,,,,,0,0,False,1596,Show all book isbns which were ordered by both client Peter Doe and client James Smith.,book_1,spider_test,True
False,False,False,False,,,,,0,0,False,1597,What are the names of all universities without any majors ranked number 1?,university_rank,spider_test,True
False,False,False,False,,,,,0,0,False,1598,How many channels have the word 'bbc' in their internet link?,bbc_channels,spider_test,True
False,False,False,False,,,,,0,0,False,1599,Count the number of distinct neighborhoods stores are located.,headphone_store,spider_test,True
False,False,False,False,,,,,0,0,False,1600,"Return the search strings and corresonding time stamps for all user searches, sorted by search string descending.",real_estate_rentals,spider_test,True
False,False,False,False,,,,,0,0,False,1601,Find all the layer type codes with their corresponding usage count.,government_shift,spider_test,True
False,False,False,False,,,,,0,0,False,1602,How many drivers have driven vehicles built in 2012?,vehicle_driver,spider_test,True
False,False,False,False,,,,,0,0,False,1603,List the detail and id of the teacher who teaches the most courses.,cre_Students_Information_Systems,spider_test,True
False,False,False,False,,,,,0,0,False,1604,Show all process ids and the number of documents in each process.,cre_Doc_Workflow,spider_test,True
False,False,False,False,,,,,0,0,False,1605,What is the full name of the student who lives furthest from Linda Smith?,address_1,spider_test,True
False,False,False,False,,,,,0,0,False,1606,How wide were the paintings by the artist who was born prior to 1850?,art_1,spider_test,True
False,False,False,False,,,,,0,0,False,1607,"Show name, type of powertrain, and annual fuel cost for all vehicles with model year 2013 or 2014.",vehicle_rent,spider_test,True
False,False,False,False,,,,,0,0,False,1608,List the nicknames of institutions in descending order of capacity.,institution_sports,spider_test,True
False,False,False,False,,,,,0,0,False,1609,"For each type of food, tell me how many customers have ever bought it.",bakery_1,spider_test,True
False,False,False,False,,,,,0,0,False,1610,What is the total shipments in each planet? List the planet name and total shipments.,planet_1,spider_test,True
False,False,False,False,,,,,0,0,False,1611,Show the transmitters of the radios and the number of city channels they are associated with.,tv_shows,spider_test,True
False,False,False,False,,,,,0,0,False,1612,How many reservations exist for each boat?,boat_1,spider_test,True
True,True,True,True,"SELECT product_type_code, COUNT(*) AS num_products
FROM Products p JOIN Addresses a ON p.product_id = a.address_id
GROUP BY product_type_code
ORDER BY num_products ASC
LIMIT 1","{
    ""sql"": ""SELECT product_type_code, COUNT(*) AS num_products FROM Products p JOIN Addresses a ON p.product_id = a.address_id GROUP BY product_type_code ORDER BY num_products ASC LIMIT 1""
}","{'sql': 'SELECT product_type_code, COUNT(*) AS num_products FROM Products p JOIN Addresses a ON p.product_id = a.address_id GROUP BY product_type_code ORDER BY num_products ASC LIMIT 1'}",,1,1,False,1613,What is the product type with least number of products?,customers_and_orders,spider_test,True
False,False,False,False,,,,,0,0,False,1614,What are the names and nationalities of the people who did not participate in any ACL conferences?,conference,spider_test,True
False,False,False,False,,,,,0,0,False,1615,What are the ids of paintings that are taller than 500 and shorter than 2000?,art_1,spider_test,True
False,False,False,False,,,,,0,0,False,1616,How many different countries are players from?,soccer_3,spider_test,True
False,False,False,False,,,,,0,0,False,1617,What are the names of customers who have two or more records of rental history?,vehicle_rent,spider_test,True
False,False,False,False,,,,,0,0,False,1618,"For each warehouse location, what is the value of the most expensive box?",warehouse_1,spider_test,True
False,False,False,False,,,,,0,0,False,1619,"Which venues and years did Mckeown , Kathleen have papers ?",aan_1,spider_test,True
False,False,False,False,,,,,0,0,False,1620,What are the titles of books with sale prices above the average sale price across all books?,book_1,spider_test,True
False,False,False,False,,,,,0,0,False,1621,What is the latitude and longitude for Baltimore?,address_1,spider_test,True
False,False,False,False,,,,,0,0,False,1622,List different constructors and the number of drivers that use each constructor.,car_road_race,spider_test,True
False,False,False,False,,,,,0,0,False,1623,Who received least number of packages ? List client name and number of packages received by that client .,planet_1,spider_test,True
False,False,False,False,,,,,0,0,False,1624,Find the code of boxes that are stored at the warehouses located at Chicago or New York.,warehouse_1,spider_test,True
False,False,False,False,,,,,0,0,False,1625,find the number of stores in each neighborhood.,headphone_store,spider_test,True
False,True,False,False,,"[
    {
        ""country"": ""United States"",
        ""count"": 5
    },
    {
        ""country"": ""Canada"",
        ""count"": 3
    },
    {
        ""country"": ""Australia"",
        ""count"": 4
    }
]",,,0,1,False,1626,From which countries are players who make more than 1200000 from?,soccer_3,spider_test,True
True,False,False,False,SELECT DISTINCT T1.Engine FROM driver AS T1 JOIN driver AS T2 ON T1.Driver_ID = T2.Driver_ID WHERE COUNT(T1.Driver_ID) >= 2,,,,1,0,False,1627,List the types of engines that are used by at least two drivers.,car_road_race,spider_test,True
True,True,False,False,[Thinking Process],"[
    {
        ""client_name"": ""John Doe"",
        ""sent_packages_count"": 3,
        ""total_sent_packages"": 10
    },
    {
        ""client_name"": ""Jane Smith"",
        ""sent_packages_count"": 4,
        ""total_sent_packages"": 10
    }
]",,,1,1,False,1628,Who sent more than one packages? List the client's name.,planet_1,spider_test,True
False,False,False,False,,,,,0,0,False,1629,"Which collection have most number of documents? List collection name, id and number of documents.",cre_Doc_and_collections,spider_test,True
False,False,False,False,,,,,0,0,False,1630,Find all the items that have chocolate flavor but were not bought more than 10 times.,bakery_1,spider_test,True
False,False,False,False,,,,,0,0,False,1631,Return the lowest and highest prices of goods grouped and ordered by food type.,bakery_1,spider_test,True
False,False,False,False,,,,,0,0,False,1632,Give me the biggest and average areas of all districts.,district_spokesman,spider_test,True
False,False,False,False,,,,,0,0,False,1633,"What are the start and end times of each meeting, as well as the corresponding client and staff details the attendees?",advertising_agencies,spider_test,True
False,False,False,False,,,,,0,0,False,1634,Which country has least number of students?,address_1,spider_test,True
False,False,False,False,,,,,0,0,False,1635,What are the status codes and dates placed for all of the orders?,e_commerce,spider_test,True
False,False,False,False,,,,,0,0,False,1636,What are the different boat ids reserved by the sailor whose id is 1?,boat_1,spider_test,True
False,False,False,False,,,,,0,0,False,1637,What are the names of regions in which there are no buildings?,region_building,spider_test,True
False,False,False,False,,,,,0,0,False,1638,Which students take 2 courses? List student id and details.,cre_Students_Information_Systems,spider_test,True
False,False,False,False,,,,,0,0,False,1639,Find the total and average population of the districts which have some spokesman.,district_spokesman,spider_test,True
False,False,False,False,,,,,0,0,False,1640,"What are the names of the countries, ordered descending by overall score?",country_language,spider_test,True
False,False,False,False,,,,,0,0,False,1641,What is the name of the most popular plane?,pilot_1,spider_test,True
False,False,False,False,,,,,0,0,False,1642,What are the medium types of the painting with id = 80,art_1,spider_test,True
False,False,False,False,,,,,0,0,False,1643,Find the details of the teachers who have taught the student with the earliest transcript issuance.,cre_Students_Information_Systems,spider_test,True
False,False,False,False,,,,,0,0,False,1644,What is the title of the paper which cites the most other papers?,aan_1,spider_test,True
False,True,True,False,,"{
    ""sql"": ""SELECT painting_id, artist_name FROM paintings WHERE creation_date < '1900-01-01' ORDER BY MAX(height) DESC LIMIT 1""
}","{'sql': ""SELECT painting_id, artist_name FROM paintings WHERE creation_date < '1900-01-01' ORDER BY MAX(height) DESC LIMIT 1""}",,0,1,False,1645,What is the height and id of the tallest painting created before 1900?,art_1,spider_test,True
False,False,False,False,,,,,0,0,False,1646,Show name and model year for vehicles with city fuel economy rate less than or equal to highway fuel economy rate.,vehicle_rent,spider_test,True
False,False,False,False,,,,,0,0,False,1647,What are the locations that have paintings in the mediums of on panels and on canvas?,art_1,spider_test,True
False,False,False,False,,,,,0,0,False,1648,What are the different conference names?,conference,spider_test,True
False,False,False,False,,,,,0,0,False,1649,Count the number of buildings.,region_building,spider_test,True
False,False,False,False,,,,,0,0,False,1650,Show all hardware product names with price higher than the average price of hardware type products.,customers_and_orders,spider_test,True
False,False,False,False,,,,,0,0,False,1651,Give the title of the paper which cites most number of papers?,aan_1,spider_test,True
False,False,False,False,,,,,0,0,False,1652,Find the first and last names of the artists who have both works of paintings and sculptures?,art_1,spider_test,True
False,False,False,False,,,,,0,0,False,1653,List the name of players that do not play any game.,video_game,spider_test,True
False,False,False,False,,,,,0,0,False,1654,"For each make, return the make and the count of drivers with that make.",car_racing,spider_test,True
False,False,False,False,,,,,0,0,False,1655,Give the distinct ids for goods that cost less than any Tart.,bakery_1,spider_test,True
False,False,False,False,,,,,0,0,False,1656,What is all the information about pilots who are younger than 30 ?,pilot_1,spider_test,True
False,False,False,False,,,,,0,0,False,1657,List the names of all distinct paintings ordered by length.,art_1,spider_test,True
False,False,False,False,,,,,0,0,False,1658,What is the name and age of every sailor who is younger than age 30?,boat_1,spider_test,True
False,False,False,False,,,,,0,0,False,1659,"Find the original artists who sing songs with rhythm tempo above 5 , and list results in descending order of voice sound quality .",sing_contest,spider_test,True
False,False,False,False,,,,,0,0,False,1660,"What are the details of the customers who have ""Kutch"" in part of their details?",government_shift,spider_test,True
False,False,False,False,,,,,0,0,False,1661,Count the number of packages sent by Ogden Wernstrom and received by Leo Wong.,planet_1,spider_test,True
False,True,False,False,,"[
    {
        ""artist_name"": ""John Doe"",
        ""first_name"": ""John"",
        ""last_name"": ""Doe""
    },
    {
        ""artist_name"": ""Jane Smith"",
        ""first_name"": ""Jane"",
        ""last_name"": ""Smith""
    }
]",,,0,1,False,1662,What are the first and last names of the artists who have not only medium oil paintings but also paintings with the lithographic medium?,art_1,spider_test,True
False,False,False,False,,,,,0,0,False,1663,What are the ids of goods whose price is above twice the average price of all goods?,bakery_1,spider_test,True
False,False,False,False,,,,,0,0,False,1664,"List the first name, middle name and last name, and log in name of all the seller users, whose seller value is 1.",real_estate_rentals,spider_test,True
False,False,False,False,,,,,0,0,False,1665,Return the average number of units sold in millions among games played by players who have the position Guard.,video_game,spider_test,True
False,False,False,False,,,,,0,0,False,1666,Show all staff names who attend a conference in 2003 or 2004.,conference,spider_test,True
False,False,False,False,,,,,0,0,False,1667,Count the number of customers.,customers_and_orders,spider_test,True
False,False,False,False,,,,,0,0,False,1668,Find the id and title of the papers that are never cited by others.,aan_1,spider_test,True
False,False,False,False,,,,,0,0,False,1669,"What are the titles and paper ids which have Mckeown as an author, but not Rambow?",aan_1,spider_test,True
False,False,False,False,,,,,0,0,False,1670,What are the full names of students living in MD?,address_1,spider_test,True
False,False,False,False,,,,,0,0,False,1671,"Show the distinct developer of games played by players that go to college ""Auburn"".",video_game,spider_test,True
False,False,False,False,,,,,0,0,False,1672,How many players have rank of the year smaller than 3?,video_game,spider_test,True
False,False,False,False,,,,,0,0,False,1673,What is the receipt number and date corresponding to the receipt for which the most expensive item was purchased?,bakery_1,spider_test,True
False,False,False,False,,,,,0,0,False,1674,What is the top speed and power of the vehicle manufactured in the year of 1996?,vehicle_driver,spider_test,True
False,False,False,False,,,,,0,0,False,1675,"For each analytical layer, return the analytical layer type code and the number of times it was used.",government_shift,spider_test,True
False,False,False,False,,,,,0,0,False,1676,What is the birth year of the artist who created a painting in 1884 that is on canvas?,art_1,spider_test,True
False,False,False,False,,,,,0,0,False,1677,List all the student answer texts in descending order of count.,online_exams,spider_test,True
False,False,False,False,,,,,0,0,False,1678,Which team does not have drivers?,car_racing,spider_test,True
False,False,False,False,,,,,0,0,False,1679,Find all contents present in warehouses located in Chicago and those located in New York.,warehouse_1,spider_test,True
False,False,False,False,,,,,0,0,False,1680,"What are the locations of the different planes, ordered by plane name?",pilot_1,spider_test,True
False,False,False,False,,,,,0,0,False,1681,What is the code and description of the most common student address type?,cre_Students_Information_Systems,spider_test,True
False,False,False,False,,,,,0,0,False,1682,How many papers are published in each venue in each year?,aan_1,spider_test,True
False,False,False,False,,,,,0,0,False,1683,List all documents's subset. List the subset's name.,cre_Doc_and_collections,spider_test,True
False,False,False,False,,,,,0,0,False,1684,How many authors are there?,book_1,spider_test,True
False,False,False,False,,,,,0,0,False,1685,Find the names and populations of the districts whose area is greater than the average area.,district_spokesman,spider_test,True
False,False,False,False,,,,,0,0,False,1686,Find the number of reservations for each boat.,boat_1,spider_test,True
False,False,False,False,,,,,0,0,False,1687,How many different comments are there for student answers?,online_exams,spider_test,True
False,False,False,False,,,,,0,0,False,1688,Show the names of regions that have more than one building.,region_building,spider_test,True
False,False,False,False,,,,,0,0,False,1689,What are the biographical data and the date of transcript issuance of each student?,cre_Students_Information_Systems,spider_test,True
False,False,False,False,,,,,0,0,False,1690,What is the average height of paintings for different medium types?,art_1,spider_test,True
False,False,False,False,,,,,0,0,False,1691,"What are the total cost of all the orders ? List the order id , date , and total cost .",e_commerce,spider_test,True
True,True,False,False,[thinking process],"[
    {
        ""make"": ""Toyota"",
        ""count"": 2
    },
    {
        ""make"": ""Honda"",
        ""count"": 1
    }
]",,,1,1,False,1692,Which make has more than one team?,car_racing,spider_test,True
False,False,False,False,,,,,0,0,False,1693,Find all receipts which has the latest date. Also tell me that date.,bakery_1,spider_test,True
False,False,False,False,,,,,0,0,False,1694,"Which services were used by the customer with details ""Hardy Kutch""? Give me the service details.",government_shift,spider_test,True
False,False,False,False,,,,,0,0,False,1695,What is the id of every painting created before the oldest painting in gallery 240?,art_1,spider_test,True
False,False,False,False,,,,,0,0,False,1696,Which date corresponds to when a customer purchased a good costing over 15 dollars?,bakery_1,spider_test,True
False,False,False,False,,,,,0,0,False,1697,Find the average age of drivers for each make.,car_racing,spider_test,True
False,False,False,False,,,,,0,0,False,1698,"What are the invoice status, invoice details, and corresponding client ids and details and agency id and details?",advertising_agencies,spider_test,True
False,False,False,False,,,,,0,0,False,1699,What is the type of powertrain with most number of vehicles.,vehicle_rent,spider_test,True
False,False,False,False,,,,,0,0,False,1700,Show ids for all male students living outside of USA.,address_1,spider_test,True
False,False,False,False,,,,,0,0,False,1701,Show the names and descriptions for all documents.,cre_Doc_Workflow,spider_test,True
False,False,False,False,,,,,0,0,False,1702,Find the titles and paper IDs for papers written by Harvard University.,aan_1,spider_test,True
False,False,False,False,,,,,0,0,False,1703,Count the number of papers Stanford University had between 2000 and 2009.,aan_1,spider_test,True
False,False,False,False,,,,,0,0,False,1704,What is the name of the plane that is flown the most often?,pilot_1,spider_test,True
False,False,False,False,,,,,0,0,False,1705,Give the maximum and minimum sale price of books.,book_1,spider_test,True
False,False,False,False,,,,,0,0,False,1706,List all the flavors of Croissant available in this bakery.,bakery_1,spider_test,True
False,False,False,False,,,,,0,0,False,1707,Which teachers have taught the student with the earliest transcript issuance? List the teacher details.,cre_Students_Information_Systems,spider_test,True
False,False,False,False,,,,,0,0,False,1708,What is the average population for all regions?,region_building,spider_test,True
False,False,False,False,,,,,0,0,False,1709,How many customers do not have a listed payment method?,e_commerce,spider_test,True
False,False,False,False,,,,,0,0,False,1710,What are the sids for sailors who reserved red or blue boats?,boat_1,spider_test,True
False,False,False,False,,,,,0,0,False,1711,What is the process outcome description and process status description for the document with id 0?,cre_Doc_Workflow,spider_test,True
False,False,False,False,,,,,0,0,False,1712,What is the name of the author with the most papers in 2009?,aan_1,spider_test,True
False,False,False,False,,,,,0,0,False,1713,"Return the names of langauges that contain the substring ""ish"".",country_language,spider_test,True
False,False,False,False,,,,,0,0,False,1714,What are the number of packages shipped on Omicron Persei 8 planet or sent by Zapp Brannigan?,planet_1,spider_test,True
False,False,False,False,,,,,0,0,False,1715,Give the state that the student with first name Linda lives in.,address_1,spider_test,True
False,False,False,False,,,,,0,0,False,1716,List all different states .,address_1,spider_test,True
False,False,False,False,,,,,0,0,False,1717,Return the first name of the user who owns the most properties.,real_estate_rentals,spider_test,True
False,False,False,False,,,,,0,0,False,1718,What is the average number of rooms in a property?,real_estate_rentals,spider_test,True
False,False,False,False,,,,,0,0,False,1719,Return the largest difference in sale price and purchase price.,book_1,spider_test,True
False,False,False,False,,,,,0,0,False,1720,List the name of clubs that do not have players.,soccer_3,spider_test,True
False,False,False,False,,,,,0,0,False,1721,"For users whose description contain the string 'Mother', which age categories are they in?",real_estate_rentals,spider_test,True
False,False,False,False,,,,,0,0,False,1722,Which services were used by customers by more than 3 times? Give me the service details.,government_shift,spider_test,True
False,False,False,False,,,,,0,0,False,1723,What is the detail of document subset with name 'Best for 2000'?,cre_Doc_and_collections,spider_test,True
False,False,False,False,,,,,0,0,False,1724,What are the ids and names of racing bikes that are purchased by at least 4 cyclists?,bike_racing,spider_test,True
False,False,False,False,,,,,0,0,False,1725,Compute the average amount of student loans.,cre_Students_Information_Systems,spider_test,True
False,False,False,False,,,,,0,0,False,1726,Which packages have weight between 10 and 30? List the package number and weight.,planet_1,spider_test,True
False,False,False,False,,,,,0,0,False,1727,What are the names of institutions that have 1 or more championships?,institution_sports,spider_test,True
False,False,False,False,,,,,0,0,False,1728,"For each order, return the customer name and the dish name.",restaurant_bills,spider_test,True
False,False,False,False,,,,,0,0,False,1729,Give the names of all oil paintings created after 1910.,art_1,spider_test,True
False,False,False,False,,,,,0,0,False,1730,What are the names of languages that are not the official language of any country?,country_language,spider_test,True
False,False,False,False,,,,,0,0,False,1731,List the names of customers that do not have any order.,restaurant_bills,spider_test,True
False,False,False,False,,,,,0,0,False,1732,What are the ids for all shipments on the planet Mars that Turanga Leela manages?,planet_1,spider_test,True
False,False,False,False,,,,,0,0,False,1733,"What are the names, ages, and membership credits for all customers?",vehicle_rent,spider_test,True
False,False,False,False,,,,,0,0,False,1734,Return the distinct descriptions of all the detentions that have happened.,cre_Students_Information_Systems,spider_test,True
False,False,False,False,,,,,0,0,False,1735,How many different item status codes are there listed in ordered items?,e_commerce,spider_test,True
True,True,False,False,[thinking process],"[
    {
        ""process_name"": ""Next Process Name""
    }
]",,,1,1,False,1736,What is the process name for the next process of the process with id 9?,cre_Doc_Workflow,spider_test,True
False,False,False,False,,,,,0,0,False,1737,What are the city codes of cities with distance greater than average?,address_1,spider_test,True
False,False,False,False,,,,,0,0,False,1738,"What are the names of vehicles, sorted descending by total hours of renting?",vehicle_rent,spider_test,True
False,False,False,False,,,,,0,0,False,1739,List the names of countries that do not have any official language.,country_language,spider_test,True
False,False,False,False,,,,,0,0,False,1740,Show all customer ids without an order.,customers_and_orders,spider_test,True
False,False,False,False,,,,,0,0,False,1741,Find id for the sailors who do not have a reservation of a boat?,boat_1,spider_test,True
False,False,False,False,,,,,0,0,False,1742,What are the detail and id of the teacher who teaches the largest number of courses?,cre_Students_Information_Systems,spider_test,True
False,False,False,False,,,,,0,0,False,1743,What is the name of the institution with no staff in the records?,conference,spider_test,True
False,False,False,False,,,,,0,0,False,1744,Sort the driver names by age in ascending order.,car_racing,spider_test,True
False,False,False,False,,,,,0,0,False,1745,What is the average justice scores among countries?,country_language,spider_test,True
False,False,False,False,,,,,0,0,False,1746,"Give the customer id of the customer that made the most purchases, as well as the number of purchases made.",bakery_1,spider_test,True
False,False,False,False,,,,,0,0,False,1747,Find the average height and width of paintings grouped by painters and ordered by name,art_1,spider_test,True
False,False,False,False,,,,,0,0,False,1748,How many collections does each document belong to? List the count and the document id.,cre_Doc_and_collections,spider_test,True
False,False,False,False,,,,,0,0,False,1749,"What are the email address, town and county of the customers who are of the least common gender?",e_commerce,spider_test,True
False,False,False,False,,,,,0,0,False,1750,What are the names of pilots who own both Piper Cub and the B-52 Bomber?,pilot_1,spider_test,True
False,False,False,False,,,,,0,0,False,1751,What is average age of all sailors who have a rating of 7?,boat_1,spider_test,True
False,False,False,False,,,,,0,0,False,1752,"On average, how many rooms does a property have?",real_estate_rentals,spider_test,True
False,False,False,False,,,,,0,0,False,1753,Return the ids and details of staff who have attended at least 1 meeting and have an s in their staff details?,advertising_agencies,spider_test,True
False,False,False,False,,,,,0,0,False,1754,Show all author names and the numbers of books each has written.,book_1,spider_test,True
False,False,False,False,,,,,0,0,False,1755,How many properties have 1 parking lot or 1 garage?,real_estate_rentals,spider_test,True
False,False,False,False,,,,,0,0,False,1756,What is the price of all products being ordered on average?,e_commerce,spider_test,True
False,False,False,False,,,,,0,0,False,1757,Count the number of different official languages.,country_language,spider_test,True
False,False,False,False,,,,,0,0,False,1758,How many clients are there?,advertising_agencies,spider_test,True
False,False,False,False,,,,,0,0,False,1759,What are the titles and paper ids for papers written in affiliation with Harvard University?,aan_1,spider_test,True
False,False,False,False,,,,,0,0,False,1760,Show addresses of buildings and the capitals of regions they are in.,region_building,spider_test,True
False,False,False,False,,,,,0,0,False,1761,Which neighborhood does not have any headphone in stock?,headphone_store,spider_test,True
False,False,False,False,,,,,0,0,False,1762,How many clients are there?,book_1,spider_test,True
False,False,False,False,,,,,0,0,False,1763,What are the different document object ids that are in the collection named Best but not in the subset named 'Best for 2000'?,cre_Doc_and_collections,spider_test,True
False,False,False,False,,,,,0,0,False,1764,Give me a list of all the distinct items bought by the customer number 15.,bakery_1,spider_test,True
False,False,False,False,,,,,0,0,False,1765,Return the managers and captains of all clubs.,soccer_3,spider_test,True
False,False,False,False,,,,,0,0,False,1766,What is the capital of the country where the driver with the most points is from?,car_racing,spider_test,True
False,False,False,False,,,,,0,0,False,1767,What are the biographical data and student id of the students who either took two or more classes and or have less than two detentions?,cre_Students_Information_Systems,spider_test,True
True,True,True,True,"SELECT d.Constructor, COUNT(r.Winning_driver) as num_wins
FROM driver d
JOIN race r ON d.Driver_ID = r.Driver_ID
GROUP BY d.Constructor
HAVING SUM(r.Pole_Position) > 1","{
    ""sql"": ""SELECT d.Constructor, COUNT(r.Winning_driver) as num_wins FROM driver d JOIN race r ON d.Driver_ID = r.Driver_ID GROUP BY d.Constructor HAVING SUM(r.Pole_Position) > 1""
}","{'sql': 'SELECT d.Constructor, COUNT(r.Winning_driver) as num_wins FROM driver d JOIN race r ON d.Driver_ID = r.Driver_ID GROUP BY d.Constructor HAVING SUM(r.Pole_Position) > 1'}",,1,1,False,1768,Which teams won more than 1 race?,car_road_race,spider_test,True
False,False,False,False,,,,,0,0,False,1769,Find the id of Sailors (sid) that reserved red or blue boat.,boat_1,spider_test,True
False,False,False,False,,,,,0,0,False,1770,Count the number of properties that have 1 parking lot or 1 garage.,real_estate_rentals,spider_test,True
False,False,False,False,,,,,0,0,False,1771,"find the name of drivers who were never in ""James Hinchcliffe"" pole position before.",car_road_race,spider_test,True
False,False,False,False,,,,,0,0,False,1772,Which official languages are spoken in two or more countries?,country_language,spider_test,True
False,False,False,False,,,,,0,0,False,1773,What are the distinct ids and prices for goods that cost less than the average good?,bakery_1,spider_test,True
False,False,False,False,,,,,0,0,False,1774,What are the maximum and minimum age of driver?,car_road_race,spider_test,True
False,False,False,False,,,,,0,0,False,1775,"Find the number of spokesmen for each district, and the show district names as well.",district_spokesman,spider_test,True
False,False,False,False,,,,,0,0,False,1776,What is the name of sailors whose names contain letter e?,boat_1,spider_test,True
False,False,False,False,,,,,0,0,False,1777,How many customers do not have an order?,customers_and_orders,spider_test,True
True,False,False,False,"SELECT Make, COUNT(DISTINCT Driver_ID) as num_drivers
FROM team_driver
JOIN driver ON team_driver.Driver_ID = driver.Driver_ID
JOIN team ON team_driver.Team_ID = team.Team_ID
GROUP BY Make
HAVING num_drivers > (SELECT MAX(num_drivers) FROM team_driver)
ORDER BY num_drivers DESC
LIMIT 1;",,,,1,0,False,1778,Which make does the most drivers have?,car_racing,spider_test,True
False,False,False,False,,,,,0,0,False,1779,Find the total value and number of boxes for each content type.,warehouse_1,spider_test,True
False,False,False,False,,,,,0,0,False,1780,What are the names of the movies that are played in any theater and the name of the corresponding theater?,movie_2,spider_test,True
False,False,False,False,,,,,0,0,False,1781,List the codes and descriptions for all process outcomes.,cre_Doc_Workflow,spider_test,True
False,False,False,False,,,,,0,0,False,1782,"What are the first names, middle initials, last names, and payment methods of all customers?",e_commerce,spider_test,True
False,False,False,False,,,,,0,0,False,1783,What distinct receipt numbers correspond to someone who bought a good that costs more than 13 dollars?,bakery_1,spider_test,True
False,False,False,False,,,,,0,0,False,1784,"What are the different subsets of documents related to each document id , list the name of the document subset and id of the actual document ?",cre_Doc_and_collections,spider_test,True
False,False,False,False,,,,,0,0,False,1785,List each make with the number of drivers with that make.,car_racing,spider_test,True
False,False,False,False,,,,,0,0,False,1786,How many works are there in each medium?,art_1,spider_test,True
False,False,False,False,,,,,0,0,False,1787,What was the venue and year with the most publications?,aan_1,spider_test,True
False,False,False,False,,,,,0,0,False,1788,How many books does each book series have? Return the counts and book series.,book_press,spider_test,True
False,False,False,False,,,,,0,0,False,1789,Find the id of customers who shopped at the bakery at least 15 times.,bakery_1,spider_test,True
False,False,False,False,,,,,0,0,False,1790,What are all the distinct items bought by customer 15?,bakery_1,spider_test,True
False,False,False,False,,,,,0,0,False,1791,Show all customer names with the  payment method code used by least number of customers.,customers_and_orders,spider_test,True
False,False,False,False,,,,,0,0,False,1792,What is the payment method code used by most number of customers?,customers_and_orders,spider_test,True
False,False,False,False,,,,,0,0,False,1793,Show the completed years shared by buildings with more than 20 stories and buildings with less than 15 stories.,region_building,spider_test,True
False,False,False,False,,,,,0,0,False,1794,Find the name and the yearly profit in billion for press that published more than two books.,book_press,spider_test,True
False,False,False,False,,,,,0,0,False,1795,What mediums were used for the painting with id 80 ?,art_1,spider_test,True
False,False,False,False,,,,,0,0,False,1796,"What are the statuses, dates, and shipment dates for all invoices?",e_commerce,spider_test,True
False,False,False,False,,,,,0,0,False,1797,"What are the ids , names , prices , and colors of all products that have been listed in less than two orders ?",e_commerce,spider_test,True
False,False,False,False,,,,,0,0,False,1798,"What are the minimum, maximum, and average annual fuel costs across all vehicles?",vehicle_rent,spider_test,True
False,False,False,False,,,,,0,0,False,1799,What is the name of the parent collection of the collection named Nice?,cre_Doc_and_collections,spider_test,True
False,False,False,False,,,,,0,0,False,1800,List the names of institutions in descending order of the number of championships.,institution_sports,spider_test,True
False,False,False,False,,,,,0,0,False,1801,"What are the names of all the authors, and how many books has each written?",book_1,spider_test,True
False,False,False,False,,,,,0,0,False,1802,List document id of all documents.,cre_Doc_and_collections,spider_test,True
False,False,False,False,,,,,0,0,False,1803,List all name of collections that are related to collection named Best.,cre_Doc_and_collections,spider_test,True
False,False,False,False,,,,,0,0,False,1804,Give the ids for goods that have Apricot flavor and have a price lower than 5 dollars.,bakery_1,spider_test,True
False,False,False,False,,,,,0,0,False,1805,"For the orders with any produts, how many products does each orders contain ? List the order id, status and the number.",e_commerce,spider_test,True
False,False,False,False,,,,,0,0,False,1806,"Return the names of institutions, as well as their nicknames.",institution_sports,spider_test,True
False,False,False,False,,,,,0,0,False,1807,How many drivers have raced in 'NASCAR'?,vehicle_driver,spider_test,True
False,False,False,False,,,,,0,0,False,1808,What are the flavors of cakes that cost more than 10 dollars?,bakery_1,spider_test,True
False,False,False,False,,,,,0,0,False,1809,Give me the type code and description of the least common detention type.,cre_Students_Information_Systems,spider_test,True
False,False,False,False,,,,,0,0,False,1810,Who are the distinct managers of branches?,restaurant_bills,spider_test,True
False,False,False,False,,,,,0,0,False,1811,Count the number of customer orders.,customers_and_orders,spider_test,True
False,False,False,False,,,,,0,0,False,1812,find the number of authors who are older than 30 for each gender.,book_press,spider_test,True
False,False,False,False,,,,,0,0,False,1813,Show all book titles for books that have no orders.,book_1,spider_test,True
False,False,False,False,,,,,0,0,False,1814,"What are the names, years, and locations of all conferences?",conference,spider_test,True
False,False,False,False,,,,,0,0,False,1815,Show all conference names which the staff from Canada attends.,conference,spider_test,True
False,False,False,False,,,,,0,0,False,1816,How many distinct movies are on in theaters?,movie_2,spider_test,True
False,False,False,False,,,,,0,0,False,1817,Show all book isbns and the numbers of orders for each.,book_1,spider_test,True
False,False,False,False,,,,,0,0,False,1818,What are the titles and platform names of all games?,video_game,spider_test,True
False,False,False,False,,,,,0,0,False,1819,Find the death year of the artist who made the least number of sculptures?,art_1,spider_test,True
False,False,False,False,,,,,0,0,False,1820,Find the name of the affiliation whose address contains 'China' and publishes the greatest number of papers.,aan_1,spider_test,True
False,False,False,False,,,,,0,0,False,1821,Give me the distinct id and price for all goods whose price is below the average of all goods?,bakery_1,spider_test,True
False,False,False,False,,,,,0,0,False,1822,Give the name of the nearest city to Chicago.,address_1,spider_test,True
False,False,False,False,,,,,0,0,False,1823,Find the max age for each group of pilots with the same name.,pilot_1,spider_test,True
False,False,False,False,,,,,0,0,False,1824,"What are the different contents of boxes, ordered alphabetically?",warehouse_1,spider_test,True
False,False,False,False,,,,,0,0,False,1825,"How many papers does Mckeown , Kathleen cite ?",aan_1,spider_test,True
False,False,False,False,,,,,0,0,False,1826,"What are the names and addressed of all clients, ordered alphabetically by name?",book_1,spider_test,True
False,False,False,False,,,,,0,0,False,1827,What are the voice sound quality scores received for the song named ' The Balkan Girls ' in English language ?,sing_contest,spider_test,True
False,False,False,False,,,,,0,0,False,1828,List names of all authors who have only 1 paper.,aan_1,spider_test,True
False,False,False,False,,,,,0,0,False,1829,What is the birth year of each distinct artists who created sculptures after 1920?,art_1,spider_test,True
False,False,False,False,,,,,0,0,False,1830,What are ids of agencies that do not have any clients?,advertising_agencies,spider_test,True
False,False,False,False,,,,,0,0,False,1831,"What are the ids and product types for all products, sorted alphabetically by product name?",customers_and_orders,spider_test,True
False,False,False,False,,,,,0,0,False,1832,What are the order ids and corresponding order dates for orders with a quantity greater than 6 or consisting of more than 3 products?,customers_and_orders,spider_test,True
False,False,False,False,,,,,0,0,False,1833,What are the 5 best books in terms of sale amount? Give me their titles and release dates.,book_press,spider_test,True
False,False,False,False,,,,,0,0,False,1834,Show the names of buildings and the names of regions they are in.,region_building,spider_test,True
False,False,False,False,,,,,0,0,False,1835,Return the ids and models of vehicles that have been driven by more than 2 drivers or been driven by the Jeff Gordon.,vehicle_driver,spider_test,True
False,False,False,False,,,,,0,0,False,1836,Show all invoice status codes and details and the corresponding client id and details and agency id and details.,advertising_agencies,spider_test,True
False,False,False,False,,,,,0,0,False,1837,What is the description of collection named Best?,cre_Doc_and_collections,spider_test,True
False,False,False,False,,,,,0,0,False,1838,"What are the ids, first and last names of the customers who have ordered more than twice and have bought at least 3 items?",e_commerce,spider_test,True
False,False,False,False,,,,,0,0,False,1839,Show all payment method codes and the number of customers in each code.,customers_and_orders,spider_test,True
False,False,False,False,,,,,0,0,False,1840,What is the owner of the parent document of document owned by 'Marlin'?,cre_Doc_and_collections,spider_test,True
False,False,False,False,,,,,0,0,False,1841,What is the name of the client who received the heaviest package?,planet_1,spider_test,True
False,False,False,False,,,,,0,0,False,1842,List all distinct types of planes owned by all pilots in alphabetic order?,pilot_1,spider_test,True
False,False,False,False,,,,,0,0,False,1843,What are the ids and names of the participants who have performed at least two songs?,sing_contest,spider_test,True
False,False,False,False,,,,,0,0,False,1844,How many red boats exist?,boat_1,spider_test,True
False,False,False,False,,,,,0,0,False,1845,Find the average city and highway fuel rates for cars with different powertrain types.,vehicle_rent,spider_test,True
False,False,False,False,,,,,0,0,False,1846,Which students have a student loan more than the average amount? List the students' biographical data and the details.,cre_Students_Information_Systems,spider_test,True
False,False,False,False,,,,,0,0,False,1847,Give the ids of Cookies or Cakes that cost between 3 and 7 dollars.,bakery_1,spider_test,True
False,False,False,False,,,,,0,0,False,1848,What are the ids of the dcouments that have between 2 and 4 related documents and how many related items are there?,cre_Doc_and_collections,spider_test,True
False,False,False,False,,,,,0,0,False,1849,What are the ids of cakes that are at least as expensive as the average Tart?,bakery_1,spider_test,True
False,False,False,False,,,,,0,0,False,1850,Show total and average points of all drivers.,car_racing,spider_test,True
False,False,False,False,,,,,0,0,False,1851,"Return the years in which more than 1 institution was founded, as well as the number of institutions founded in each of those.",institution_sports,spider_test,True
